,X,pseudoword,Value,predicted_valence,predictedL_valence,predictedL_Bi_valence,predicted_Dim_valence,predictedL_Dim_valence,predictedBi_Dim_valence,predictedBi_valence,LDist,Ortho_VAL,Semant_Neigh,SDist,Semant_VAL
0,1,abhert,0.452500941,7.414813789,5.116167223,6.444633294,6.783771315,6.63049667,7.414813789,6.444633294,2,4.65571428571429,ordinary,0.55849233304158,5.05
1,2,abhict,0.434171333,8.233714393,5.059183319,6.509936083,7.366067564,7.377534359,8.233714393,6.509936083,2,3.09333333333333,cardigan,0.622202272576276,5.95
2,3,acleat,0.527803425,5.552468433,5.262971027,5.245825711,5.268642829,5.396114085,5.552468433,5.245825711,1,4.24,solarium,0.575150159038787,6.1
3,4,acmure,0.604888653,8.714640387,5.120028971,6.562896274,7.680826762,7.58323032,7.80991046,5.414532135,2,5.885,bad,0.570299239045161,3.24
4,5,acoed,0.538989524,7.340002393,5.115652307,5.30972731,7.10566203,7.024771169,7.340002393,5.30972731,1,5.68,girl,0.499034622347403,7.15
5,6,acoy,0.630760909,7.664925138,5.234811665,5.2413016,8.084343651,7.936129108,7.664925138,5.2413016,1,4.74333333333333,fine,0.500896855255868,6.5
6,7,acraw,0.551281884,7.968543108,5.180506246,4.897807177,8.202012525,8.220111756,7.968543108,4.897807177,2,5.04470588235294,side,0.572060385984453,5.32
7,8,adeb,0.596883736,8.07967633,5.025473888,5.077770176,8.171217836,8.033962732,8.07967633,5.077770176,2,5.25413793103448,aquamarine,0.582080877819568,6.4
8,9,adlor,0.531686609,5.696889824,5.006420881,4.625244825,5.855694574,5.89908105,5.696889824,4.625244825,2,5.64066666666667,act,0.589796879721746,5.64
9,10,adpite,0.527063682,8.36377809,5.038899508,5.100142855,8.216379287,8.225611821,8.36377809,5.100142855,2,6.06666666666667,regard,0.590582562785594,5.7
10,11,adrord,0.589540394,6.934202225,4.752490957,4.990909312,6.877915207,6.784194402,6.934202225,4.990909312,2,6.4825,reversal,0.56937315758223,4.86
11,12,aercup,0.617660918,7.257788347,5.115525808,5.9272291,6.936887716,6.948601996,7.257788347,5.9272291,2,6.5,lady,0.495609459447272,6.91
12,13,aflo,0.701051891,7.626178989,5.250160558,5.730175554,7.447873627,7.505490198,7.626178989,5.730175554,2,5.1952380952381,survive,0.560514262215283,6.9
13,14,aflouse,0.602763526,6.701665227,5.112843343,5.65027618,6.260707742,6.381306279,6.701665227,5.65027618,2,5.24666666666667,survive,0.472181062345394,6.9
14,15,afruist,0.588741881,6.488406873,4.887235898,5.305397717,6.378502544,6.401760146,6.488406873,5.305397717,2,6.88,linebacker,0.567049729973364,5.42
15,16,aftot,0.604511843,7.375946983,5.183255785,5.530154898,7.12079466,7.168977007,7.375946983,5.530154898,2,5.58333333333333,prior,0.527102713009367,4.32
16,17,aftul,0.522369951,7.965172545,5.079642657,5.558636056,8.000376147,8.032570477,7.965172545,5.558636056,2,3.466,prior,0.540131422461633,4.32
17,18,afuke,0.484339097,4.153939715,5.117872691,4.675891271,4.557641409,4.626642826,4.153939715,4.675891271,2,4.485,girl,0.54416888586599,7.15
18,19,agind,0.503890818,7.328036772,4.943857252,5.374450597,7.25454244,7.180202327,7.328036772,5.374450597,1,3.0,whale,0.600368154377244,5.81
19,20,akiype,0.609634817,8.423561199,5.192394347,5.937557662,7.858510316,7.940286509,8.423561199,5.937557662,3,5.31105263157895,unlikely,0.54435506324964,3.85
20,21,akiyse,0.587310955,8.780197495,5.076482851,6.441729599,8.125026404,8.141617466,8.780197495,6.441729599,2,6.17,susceptible,0.535188385175257,3.67
21,22,akiysm,0.438252046,8.268505187,5.00256735,6.085905391,7.597375688,7.625112629,8.268505187,6.085905391,3,4.95384615384615,susceptible,0.569002971854116,3.67
22,23,alinch,0.6142606,5.636363023,5.145733111,5.46497886,5.671946807,5.731952057,5.636363023,5.46497886,1,4.425,unorthodox,0.492839187442794,5.38
23,24,alproubt,0.477722827,4.18640069,5.005202213,4.42333524,4.838646368,4.881056988,4.18640069,4.42333524,3,5.7,trouble,0.480887838590595,2.87
24,25,amesse,0.559251474,5.281335757,5.124591564,5.324086666,5.192598343,5.216107706,5.281335757,5.324086666,2,4.53333333333333,mess,0.467252726717833,3.5
25,26,amle,0.63290038,7.510296618,5.290289336,6.47452351,6.661535608,6.732127795,7.510296618,6.47452351,1,6.012,papaya,0.585367911495852,6.43
26,27,ampgrair,0.506877454,8.359822722,5.068282511,7.777092547,6.397615449,6.48584378,8.359822722,7.777092547,3,3.26,cottage,0.6022759681094,6.63
27,28,ancil,0.629622255,6.594199992,5.160027851,4.847917774,6.959127046,6.96817553,6.594199992,4.847917774,1,5.05,council,0.51259653727166,5.0
28,29,anneenths,0.565736803,5.514981058,5.150741354,4.966752129,5.430471818,5.477437841,5.514981058,4.966752129,4,6.515,prior,0.566152538942688,4.32
29,30,ansey,0.560603651,6.89450495,5.151393099,5.234533638,6.838746006,6.867837216,6.89450495,5.234533638,2,4.61571428571429,recipe,0.530335201825235,6.85
30,31,apeted,0.527115149,6.219915359,5.128197621,5.16343728,6.170420515,6.236550699,6.219915359,5.16343728,2,6.71,restricted,0.572535190468193,3.83
31,32,apgen,0.550717004,8.693676895,5.226865473,7.737688477,6.962999184,7.068951683,8.693676895,7.737688477,2,5.39533333333333,sidebar,0.581408192989325,4.95
32,33,apgents,0.593848963,7.794166188,5.070158316,7.994373875,5.894147363,6.010930518,7.794166188,7.994373875,2,5.23,paramedics,0.628488025595294,5.05
33,34,apgert,0.442725127,7.908089851,5.148199488,7.738198011,6.308057649,6.318493976,7.908089851,7.738198011,2,4.67142857142857,sign,0.583977768386104,5.27
34,35,apgor,0.445533224,8.42611212,5.156662336,7.681640297,6.638982377,6.725669181,8.42611212,7.681640297,2,4.92181818181818,shoreline,0.607596824747371,6.29
35,36,apgra,0.526095509,8.044857238,5.144169163,7.658632808,6.476483602,6.43494105,8.044857238,7.658632808,2,5.0725,aquamarine,0.572373641141687,6.4
36,37,apjoled,0.464379216,8.226132002,5.061513438,7.270050061,7.209813001,7.131930015,7.797562388,5.383220733,3,4.68714285714286,saturated,0.591869506908223,4.77
37,38,apjorm,0.542007702,7.640508892,5.131880226,7.342954974,6.388818784,6.385886648,7.211939278,5.456125646,3,5.35615384615385,ignore,0.628339287998335,3.33
38,39,appite,0.723883198,7.591369907,5.232609616,5.00967108,7.622620188,7.695602121,7.591369907,5.00967108,2,5.93666666666667,prior,0.570834041123069,4.32
39,40,apuss,0.417917449,7.541989997,4.885010683,4.641959298,7.870178237,7.82982015,7.541989997,4.641959298,1,3.7,brunette,0.549019181833885,6.35
40,41,areese,0.55622704,7.684295056,5.26109619,5.671915296,7.684457179,7.77054559,7.684295056,5.671915296,2,5.37375,remaining,0.553551377911374,5.2
41,42,arepent,0.521142005,6.685928966,5.253133312,5.1814955,6.782398974,6.864381504,6.685928966,5.1814955,1,4.4,salvation,0.596847752367811,6.94
42,43,arfin,0.565717635,5.699009174,5.117523395,5.60035398,5.523401628,5.641898985,5.699009174,5.60035398,2,5.02384615384615,plywood,0.604884196481061,4.74
43,44,arreges,0.441432127,5.105256251,5.08199195,4.322954987,5.519379774,5.549696813,5.105256251,4.322954987,3,4.88142857142857,sex,0.568194194921793,6.73
44,45,artaits,0.659471096,6.066255571,4.9885461,5.360834371,6.03140219,6.010845329,6.066255571,5.360834371,2,6.76,pictures,0.557600690951441,7.22
45,46,aruds,0.495871155,4.152699257,4.7538897,4.541635493,4.201691272,4.197447122,4.152699257,4.541635493,2,3.5025,duplicate,0.653363278111673,4.7
46,47,arvol,0.600438222,8.174044874,5.227096971,4.896628394,8.634101821,8.670957518,8.174044874,4.896628394,2,4.62833333333333,mademoiselle,0.68777262815198,6.35
47,48,arwarts,0.396263335,5.353140294,4.99148488,4.891137357,5.257330166,5.364097656,5.353140294,4.891137357,3,5.68,wanton,0.650615949849624,5.24
48,49,asarps,0.457197171,4.45492884,4.948917378,4.412970683,4.680505356,4.728962412,4.45492884,4.412970683,3,5.19894736842105,mother,0.587864427441543,7.53
49,50,ascel,0.678903544,7.2329167,5.143470515,5.224248736,7.134089039,7.158147126,7.2329167,5.224248736,2,5.865,fix,0.554890469039346,6.11
50,51,atben,0.530007133,8.134593312,5.173728286,4.798243072,8.430413692,8.454279454,8.134593312,4.798243072,2,5.35222222222222,papa,0.589464247313264,7.0
51,52,atelecks,0.537274017,5.323457309,5.107006672,5.471937748,5.039038815,5.141859265,5.323457309,5.471937748,4,4.58266666666667,chickenpox,0.612730001042726,2.76
52,53,atrur,0.444536791,3.352419763,4.98018527,4.558859337,3.08923393,3.294854795,3.352419763,4.558859337,2,5.995,viola,0.629633812892098,6.2
53,54,atryr,0.530267529,4.504559969,5.062293572,5.046729409,4.217539998,4.263122082,4.504559969,5.046729409,2,5.032,sediment,0.626431546235733,5.11
54,55,atsty,0.545501057,3.80767274,5.023023154,5.474410477,3.739329074,3.72713621,3.80767274,5.474410477,1,6.89,bad,0.640019252737741,3.24
55,56,attice,0.626818379,6.399258775,5.18159779,5.041767958,6.509368591,6.510579909,6.399258775,5.041767958,1,5.555,skirt,0.539218256273582,6.14
56,57,atux,0.556743504,7.786844883,5.016721067,5.854337258,7.890540786,7.830169906,7.786844883,5.854337258,1,5.91,dress,0.568712737697536,6.42
57,58,avoed,0.546571346,8.515880458,5.163626452,5.377114266,8.387113328,8.285576603,8.515880458,5.377114266,1,4.1,avoid,0.50518272564301,4.1
58,59,avol,0.592435343,9.034244841,5.285815341,5.231522125,9.367256257,9.354611331,9.034244841,5.231522125,2,5.17833333333333,be,0.623057352128682,6.18
59,60,awgits,0.513412008,4.507414162,5.011690288,5.236896204,4.719383089,4.814814053,4.507414162,5.236896204,2,5.33,diameter,0.648264116008775,4.76
60,61,awslonts,0.487248366,4.102043399,4.980760699,4.336746362,4.532746006,4.580034117,4.102043399,4.336746362,4,4.62647058823529,gorgeous,0.594248335869888,7.57
61,62,awturps,0.354921782,4.155859429,4.922182186,4.515907857,4.272964906,4.417289677,4.155859429,4.515907857,4,5.218125,dizziness,0.617451574496558,3.36
62,63,axnur,0.472544761,8.416550289,4.977950313,6.63864029,6.993084676,7.094906445,7.317516656,5.264258446,2,4.38666666666667,bam,0.611492346021395,5.05
63,64,axswan,0.465674938,7.899503668,5.047968293,6.480349794,6.44038242,6.615297022,6.852783147,5.259706099,3,5.00142857142857,multiple,0.587673430126568,5.0
64,65,axswe,0.382812208,8.876293461,5.102850326,6.6653335,7.560049015,7.741747941,7.829572941,5.444689806,2,5.254,happen,0.616854352255154,5.5
65,66,axude,0.511400469,7.913653311,4.926037288,5.751657346,7.359708321,7.355652232,7.913653311,5.751657346,2,4.59266666666667,viola,0.558306038679923,6.2
66,67,axwas,0.431544754,8.652415273,5.063420339,6.334032821,7.269603034,7.581618251,7.403464846,4.959420274,2,5.04666666666667,java,0.67030475950003,5.9
67,68,aymupt,0.459611271,6.808868831,5.084409092,6.112576697,6.250733559,6.347193317,6.808868831,6.112576697,2,3.28,bro,0.574501335017624,5.32
68,69,baflew,0.579311135,5.3026638,5.216582683,5.715538735,4.961345254,5.230367259,5.3026638,5.715538735,2,5.57,defeated,0.578957562043092,2.59
69,70,balal,0.48014526,6.892484972,5.177360904,5.141175281,7.161126582,7.175009416,6.892484972,5.141175281,1,6.14,suitable,0.461127912359778,5.7
70,71,balrims,0.489992412,5.968747802,4.95046863,5.592101931,5.675206284,5.725146122,5.968747802,5.592101931,3,5.42692307692308,flourish,0.557600405810436,7.21
71,72,bancid,0.308021988,4.779376341,4.894319568,4.603127742,4.984649327,4.958879895,4.779376341,4.603127742,1,2.38,outbreak,0.531332339839868,2.47
72,73,baper,0.538002389,7.642389695,5.160465627,4.981550574,7.785049841,7.804693014,7.642389695,4.981550574,1,5.16,combination,0.577423576613655,5.47
73,74,bapet,0.576473319,8.384852845,5.183784334,5.016872062,8.56439256,8.551085036,8.384852845,5.016872062,2,5.30961538461538,sequel,0.590162049595942,5.76
74,75,bapey,0.574604655,7.969153736,5.212259913,5.118196423,7.974654573,8.028339734,7.969153736,5.118196423,2,5.20137931034483,sexy,0.589382971817053,7.42
75,76,bapger,0.454571186,8.80064233,5.113102422,7.490933105,7.373588587,7.355236604,8.80064233,7.490933105,1,4.34,implement,0.567002970033955,5.05
76,77,bapgion,0.477888933,8.646205088,5.113156484,7.790077244,6.955578294,6.964723578,8.646205088,7.790077244,3,5.634375,mother,0.579781960494231,7.53
77,78,bapgy,0.54117879,8.665213181,5.091874042,7.409657603,7.021293621,7.095315085,8.665213181,7.409657603,1,4.45,implement,0.601534656111607,5.05
78,79,bapil,0.572719192,6.844487459,5.125991331,4.656318247,7.088207461,7.126490221,6.844487459,4.656318247,1,5.11,lady,0.545737250087883,6.91
79,80,barought,0.513375428,5.363362381,4.952834819,5.255105114,5.195380873,5.175783368,5.363362381,5.255105114,2,3.895,trouble,0.432237682910203,2.87
80,81,barrocts,0.435599781,4.717250945,4.897095124,4.497303266,4.719012591,4.712915069,4.717250945,4.497303266,3,5.82666666666667,simpleton,0.565574484013735,4.53
81,82,basaves,0.518771959,6.422393705,5.037127667,5.075383562,6.392824564,6.444404856,6.422393705,5.075383562,3,5.72153846153846,save,0.525876889933054,7.26
82,83,bavelts,0.567576724,5.379502065,5.085548269,5.188616264,5.253624574,5.411618939,5.379502065,5.188616264,3,5.14222222222222,have,0.566538162807745,5.86
83,84,baxswing,0.471354667,7.263932016,4.880240234,6.421963918,5.967414918,6.044068372,6.217211495,5.201320223,3,5.72181818181818,duplicate,0.53121205077293,4.7
84,85,bayfy,0.631807601,8.192391309,5.123624362,6.749115611,7.439096086,7.506307509,8.192391309,6.749115611,2,5.16,aquamarine,0.541145443054049,6.4
85,86,beenish,0.567140543,6.993340066,5.096680254,5.196348504,7.226335681,7.22481331,6.993340066,5.196348504,2,3.475,be,0.451614037031791,6.18
86,87,belorse,0.483971867,6.147883177,5.126175418,5.213084058,6.263552614,6.247752234,6.147883177,5.213084058,2,4.68,belong,0.499411572474169,6.5
87,88,belsot,0.575809381,5.809099658,5.076471459,4.777579799,6.102385348,6.097932855,5.809099658,4.777579799,2,4.63,one,0.493426035128406,6.09
88,89,bengeer,0.436949153,7.437560224,5.215499027,5.311870061,7.511190206,7.557910569,7.437560224,5.311870061,2,5.06,washer,0.556040587794419,5.16
89,90,beplalds,0.475699136,5.934323476,4.890981291,4.931936238,6.219027852,6.240831043,5.934323476,4.931936238,4,4.95,supper,0.567929929277852,6.72
90,91,berroyed,0.384270784,4.561194186,4.986628904,4.051626436,5.068295249,5.082218782,4.561194186,4.051626436,3,5.9675,viola,0.578732340559751,6.2
91,92,betby,0.663055085,7.651932142,5.078166842,4.716681291,8.078315915,8.057487822,7.651932142,4.716681291,2,5.05833333333333,resource,0.631316555738274,5.63
92,93,betrur,0.515899782,3.742196636,4.949118529,4.639128863,3.534609911,3.720892106,3.742196636,4.639128863,2,3.77666666666667,viola,0.643755600101055,6.2
93,94,bewfet,0.514918055,6.781134951,5.22450756,5.075414982,6.55242564,6.650091282,6.781134951,5.075414982,2,5.55,consequence,0.552402674501,3.86
94,95,bhubaxe,0.418790215,6.92667494,4.969855199,6.286097418,6.433471741,6.509003275,6.92667494,6.286097418,3,6.3675,guacamole,0.566828125489568,5.47
95,96,bhuxon,0.538774578,8.481738891,4.964370388,7.108239872,7.137258884,7.103727825,8.481738891,7.108239872,3,5.25571428571429,baron,0.60183240260349,3.9
96,97,bicket,0.524832001,5.986883132,5.038821198,4.395964133,6.227429074,6.197791325,5.986883132,4.395964133,1,4.255,argument,0.501013841661664,2.62
97,98,bigurs,0.489622279,4.436676392,4.785267748,4.349152325,4.344677966,4.326044549,4.436676392,4.349152325,2,3.965,dilemma,0.541809556115177,4.24
98,99,bilming,0.527761939,5.026668716,5.017811117,4.615118741,5.205646174,5.241260677,5.026668716,4.615118741,1,3.23,running,0.529725007865009,6.53
99,100,binmi,0.670991208,5.365089654,5.069068874,4.731017436,5.593860014,5.582375569,5.365089654,4.731017436,2,4.956,presume,0.576563118491424,4.0
100,101,bipar,0.481260133,7.6394249,5.071167514,5.202185387,7.600464609,7.622103564,7.6394249,5.202185387,2,4.525,suitable,0.59271158608767,5.7
101,102,bipgar,0.53466203,8.3576492,5.023804309,7.737998758,6.565381685,6.471968808,8.3576492,7.737998758,2,3.52666666666667,turbo,0.5129415260892,5.95
102,103,bipgead,0.476113972,8.255924942,4.956439237,7.597598244,6.489915902,6.511264798,8.255924942,7.597598244,3,4.43769230769231,animated,0.536651954844727,6.65
103,104,bippen,0.604690949,7.077108703,5.148467825,5.243922274,6.868623925,6.900272398,7.077108703,5.243922274,2,5.01714285714286,happen,0.449372203139559,5.5
104,105,blabful,0.445649699,6.995503984,4.970154311,6.057766594,5.82910579,5.945946988,6.153567916,4.991184311,2,6.945,wonder,0.460249567640494,6.68
105,106,blact,0.493187018,8.234568187,5.085858954,4.984311459,8.44904079,8.356292722,8.234568187,4.984311459,1,4.925,nincompoop,0.577952639472483,5.0
106,107,blandron,0.468945733,6.036192119,4.905020061,5.281534786,5.804044442,5.734821963,6.036192119,5.281534786,3,4.44,viola,0.547261494811737,6.2
107,108,blasclumed,0.394295782,5.295429237,4.780047907,4.940125831,5.047664585,5.006059623,5.295429237,4.940125831,5,4.620625,split,0.543021662403468,4.5
108,109,bleezes,0.619126159,4.888266332,5.327691035,4.717386891,5.019178905,5.225791268,4.888266332,4.717386891,2,5.45,trouble,0.539927756317182,2.87
109,110,blegjay,0.502678762,8.33816511,5.095145675,6.268618846,7.1758955,7.209794591,7.909595495,4.381789518,2,6.64,suitable,0.542698430179676,5.7
110,111,blelshed,0.391921741,5.82572512,4.921512537,4.361949221,6.280054811,6.256129975,5.82572512,4.361949221,2,7.5,work,0.528573256033422,5.05
111,112,blengely,0.410250951,6.165577611,5.186481543,5.056852227,6.139459722,6.275925488,6.165577611,5.056852227,3,4.07666666666667,combination,0.570094630819745,5.47
112,113,bloffs,0.471937311,5.264527639,5.010678856,4.880412895,5.264360993,5.279404933,5.264527639,4.880412895,2,4.58,viola,0.576867814259057,6.2
113,114,bluley,0.545662654,5.971115472,5.087241743,5.136995004,5.701597635,5.826827845,5.971115472,5.136995004,2,4.27888888888889,person,0.570955174420916,6.1
114,115,blussoths,0.568360606,4.950265211,4.657506678,4.196345462,4.996604601,4.880480478,4.950265211,4.196345462,4,6.715,thanks,0.580818542329343,7.73
115,116,bockoths,0.416950299,4.872906648,4.93864345,3.935428804,5.10533447,5.033174928,4.872906648,3.935428804,3,5.57,adjoining,0.577717256100887,5.06
116,117,bollcole,0.489697644,5.027239607,5.245071203,4.57398508,5.402759662,5.473124342,5.027239607,4.57398508,3,4.05,alternative,0.586510052572519,5.33
117,118,bomden,0.532157971,4.633332361,5.02162218,4.515702466,5.29479659,5.296095587,4.633332361,4.515702466,2,4.86111111111111,leakage,0.546235978860614,3.52
118,119,bonfles,0.614353962,3.953923823,5.082334275,4.46234062,4.079170083,4.130823409,3.953923823,4.46234062,3,5.2185,crisis,0.642086810723957,2.05
119,120,bonthome,0.633899206,6.974553363,5.217119737,5.267968805,7.145641125,7.173020063,6.974553363,5.267968805,3,4.2275,house,0.607891435171449,7.19
120,121,booselons,0.580029225,4.85545158,5.067283284,4.854442548,4.990055285,4.998041602,4.85545158,4.854442548,4,5.212,viola,0.531437569020625,6.2
121,122,boppies,0.796334629,5.550198175,5.088698229,4.86595604,5.581747832,5.636712782,5.550198175,4.86595604,2,5.33,benefit,0.555411917263382,6.87
122,123,boshons,0.656010481,4.98334512,4.937774579,4.428037284,5.294760926,5.259394708,4.98334512,4.428037284,3,5.507,viola,0.507201930060695,6.2
123,124,boubty,0.639673774,4.056068483,4.962197642,4.41944245,4.616956129,4.806734592,4.056068483,4.41944245,1,4.37,feud,0.736982278893716,4.04
124,125,bouscils,0.509395877,3.472866861,4.785828966,4.085337048,3.878941134,3.824403125,3.472866861,4.085337048,3,5.0,hepatitis,0.62648777695126,2.33
125,126,breafs,0.51205157,6.09323979,5.030469331,5.613823442,5.928022583,6.0050435,6.09323979,5.613823442,2,5.59833333333333,bullpen,0.564181257801557,5.15
126,127,bripgred,0.443415703,8.224559047,4.805409819,7.816458805,6.621811946,6.436300916,8.224559047,7.816458805,3,4.935,congratulations,0.541654642557057,7.33
127,128,brisps,0.601038602,5.847379697,4.794959845,4.642622834,6.201839358,6.167663574,5.847379697,4.642622834,2,5.33166666666667,beef,0.553784739144501,6.11
128,129,brubing,0.487359473,4.876145208,4.820626468,4.578351995,5.108389098,5.067128079,4.876145208,4.578351995,2,4.55125,shocking,0.500519885783929,4.63
129,130,buckthout,0.347859469,6.43373617,4.800400658,5.36947664,6.270624998,6.210166463,6.43373617,5.36947664,2,4.76,avoid,0.561462827941207,4.1
130,131,buido,0.616277174,6.802011747,4.859636562,5.632008153,6.757950417,6.605445621,6.802011747,5.632008153,2,5.62461538461538,build,0.56935207541493,6.33
131,132,bulpen,0.542035636,8.209594075,5.077212333,5.060445649,8.333893195,8.238265772,8.209594075,5.060445649,1,5.15,be,0.589441185647613,6.18
132,133,bunsal,0.470414121,5.668657226,4.92187085,4.987652426,5.718237409,5.710820477,5.668657226,4.987652426,2,4.515,cupcake,0.50206980802584,6.9
133,134,bureer,0.468681533,6.925790164,5.057540857,5.393327919,6.751962754,6.784394671,6.925790164,5.393327919,1,5.425,move,0.512401420707243,4.95
134,135,bursing,0.49851327,5.852673903,4.769815702,5.003435792,5.756684352,5.672764527,5.852673903,5.003435792,1,6.39,matching,0.464772375572627,6.3
135,136,butsling,0.466656859,6.265544369,4.789239857,4.564431039,6.311306989,6.210279573,6.265544369,4.564431039,2,5.37,matching,0.498464388434867,6.3
136,137,buvners,0.530993363,7.050200389,4.928047003,5.903851078,6.364914702,6.462498922,5.951166756,4.529469234,2,3.9,people,0.544903011025788,5.7
137,138,byloin,0.458155322,4.356064206,5.121504373,4.916982956,4.506867817,4.568352782,4.356064206,4.916982956,2,4.67,constipation,0.610546443641648,2.45
138,139,byloms,0.586422243,5.308995656,5.031031537,4.983099733,5.472472437,5.512758483,5.308995656,4.983099733,2,5.52,constipation,0.611906358019298,2.45
139,140,caby,0.684845643,8.47960241,5.118229084,5.236812556,8.813769397,8.649954797,8.47960241,5.236812556,1,5.74,government,0.572434759786252,3.78
140,141,cackhage,0.318007515,4.568964865,5.140116289,4.393981762,4.828584205,4.885477865,4.568964865,4.393981762,2,5.17,thanks,0.569219434775002,7.73
141,142,calbiest,0.573976365,5.812150838,5.021298677,5.32313213,6.022252839,6.016351125,5.812150838,5.32313213,3,4.88714285714286,premier,0.56548967910033,5.37
142,143,caldness,0.39022481,4.562567612,4.807604867,4.449101463,4.841926879,4.797979838,4.562567612,4.449101463,2,2.93666666666667,abuse,0.495420159671399,1.53
143,144,calow,0.506328983,7.708999518,5.247823236,5.508606419,7.780621509,7.87910957,7.708999518,5.508606419,2,5.21689655172414,bedroom,0.549044894042699,7.0
144,145,calwathe,0.482645839,4.917540823,5.258658327,4.783923984,5.282614527,5.435735844,4.917540823,4.783923984,3,4.77,wanton,0.597376396800316,5.24
145,146,cameons,0.568569951,5.766179995,5.177106038,5.66567306,5.5364269759999996,5.621085688,5.766179995,5.66567306,2,5.86,adjoining,0.584245996524807,5.06
146,147,camid,0.604984456,7.4392653,4.979375507,5.056619242,7.579122676,7.576927133,7.4392653,5.056619242,2,5.13421052631579,skirt,0.531454151766594,6.14
147,148,campgree,0.592907333,8.417133049,5.229324819,8.053900237,6.551807587,6.650753675,8.417133049,8.053900237,3,6.0,movie,0.5150761226519,7.24
148,149,caplime,0.631562612,6.530566372,5.242213729,5.611650949,6.583479248,6.705075316,6.530566372,5.611650949,2,3.27,stow,0.567013965012327,5.0
149,150,carbeen,0.700656397,7.289394049,5.197028084,5.774195511,7.128882684,7.178717215,7.289394049,5.774195511,2,5.22,be,0.488824324194246,6.18
150,151,carounts,0.592648053,6.083771614,4.921825789,5.410820962,5.871799069,5.880963574,6.083771614,5.410820962,3,5.57,aspect,0.565297092104454,4.89
151,152,carvelays,0.566285159,4.921401657,5.132990724,5.118875619,4.969240609,5.11998794,4.921401657,5.118875619,3,5.37,cockeyed,0.541590348674696,3.95
152,153,casp,0.57210485,7.747207757,5.068946403,5.360769569,7.96639653,7.827875245,7.747207757,5.360769569,1,5.21111111111111,recognize,0.528243991989033,6.14
153,154,caub,0.54739962,7.991608333,5.036120782,4.862090869,8.508030382,8.298000708,7.991608333,4.862090869,1,6.00666666666667,drop,0.554793473309172,4.23
154,155,cavral,0.587283275,7.614612858,5.188199637,6.874588143,6.712329471,6.7953195,6.516722765,5.575739467,2,5.34375,generic,0.507559220248023,4.5
155,156,caxnus,0.415183987,8.504677217,4.888957027,6.573612712,7.142270078,7.203603977,7.405643584,5.199230868,2,4.81666666666667,hairy,0.598019256701571,3.8
156,157,ceatrings,0.549111547,5.455816829,4.974156337,5.470511612,5.225211358,5.249961166,5.455816829,5.470511612,2,5.375,strings,0.613953414812612,5.28
157,158,cecoat,0.58768383,6.850775021,5.25295459,5.411681675,6.865861009,6.862460988,6.850775021,5.411681675,2,6.31,fuchsia,0.558302380281408,5.14
158,159,cecs,0.56694519,8.047657413,5.087368227,5.84768667,8.098222136,7.914469743,8.047657413,5.84768667,2,4.78,scripture,0.569164360732966,5.47
159,160,cecur,0.474035785,7.015212213,5.060924966,5.262540006,7.089372518,7.016297273,7.015212213,5.262540006,2,5.85142857142857,viola,0.555891447483366,6.2
160,161,cefflier,0.572042046,5.003756034,5.201044581,5.345044151,4.728495961,4.869700078,5.003756034,5.345044151,3,4.43333333333333,cyanide,0.579876470541021,2.7
161,162,cegurs,0.483046454,4.382003488,4.918658428,4.564465359,4.329688683,4.362794431,4.382003488,4.564465359,3,5.19709677419355,viola,0.616781711100951,6.2
162,163,celve,0.518427294,7.497992409,5.32577798,5.880424049,7.204707536,7.231476205,7.497992409,5.880424049,2,5.30545454545455,fir,0.477440197277882,5.0
163,164,centy,0.567695438,6.705472061,5.177304091,5.565843957,6.619496802,6.669248867,6.705472061,5.565843957,1,5.37,myriad,0.499758963977288,5.52
164,165,cestop,0.424591449,7.159354194,5.119062579,5.276381136,7.08024447,7.064760454,7.159354194,5.276381136,2,5.6075,improve,0.546968639339454,6.14
165,166,chapefers,0.580876926,6.292364807,5.127893825,4.969822747,6.078075044,6.177033596,6.292364807,4.969822747,3,5.25,stunning,0.556184471052463,6.24
166,167,charb,0.542399394,8.092722307,5.052140059,5.121515123,8.190373652,8.172109209,8.092722307,5.121515123,1,6.345,room,0.577358911773662,5.55
167,168,chavot,0.639003483,6.493019223,5.213611329,5.459029445,6.437825707,6.443831517,6.493019223,5.459029445,2,4.76,brunette,0.554800575541323,6.35
168,169,cherses,0.642638334,5.609383626,4.99247445,5.089894588,5.638540112,5.629710703,5.609383626,5.089894588,2,4.47666666666667,species,0.545589760550033,5.26
169,170,chever,0.600287666,5.282344869,5.256659423,5.04190737,5.431571312,5.49622184,5.282344869,5.04190737,1,7.23,viola,0.5740396757706,6.2
170,171,chezing,0.562642605,4.327955278,5.257554879,4.081658411,5.12506449,5.207199312,4.327955278,4.081658411,3,5.375,bruising,0.514907836659144,3.42
171,172,chiddy,0.691130936,7.263763109,4.726350733,5.812761532,6.951739201,6.794235353,7.263763109,5.812761532,2,5.48,mysterious,0.521574201907593,6.05
172,173,chlorted,0.518719762,5.128408798,4.969752305,4.73786248,5.479070401,5.4567684,5.128408798,4.73786248,2,5.445,saturated,0.538274412078549,4.77
173,174,choleboard,0.392839012,5.163283771,5.01433377,5.238826528,5.302447433,5.268794626,5.163283771,5.238826528,3,5.4,peninsula,0.549934622953587,5.95
174,175,chrine,0.435689071,7.066256264,5.130339281,5.346248438,6.998476698,7.038311069,7.066256264,5.346248438,1,5.38,restaurant,0.526437358317379,6.95
175,176,chuessed,0.574481983,5.552984433,4.763054327,5.183615574,5.474346575,5.416787657,5.552984433,5.183615574,3,5.23142857142857,guess,0.511864865769704,5.18
176,177,chufo,0.612691996,6.461002243,5.090731144,5.451662553,6.368791934,6.28067638,6.461002243,5.451662553,2,4.55272727272727,lovely,0.555104387366479,7.55
177,178,chulb,0.486546987,6.421522723,4.984338812,5.129901065,6.422531189,6.457445571,6.421522723,5.129901065,2,5.09363636363636,waterfront,0.585873124242776,7.5
178,179,chulle,0.604485895,6.484077675,5.123963654,5.41660693,6.43116918,6.508384784,6.484077675,5.41660693,2,5.48,adjacent,0.501440947873251,5.15
179,180,chund,0.462435388,6.477868491,4.844171939,5.328525033,6.48395465,6.389916633,6.477868491,5.328525033,1,4.67,one,0.472719822300263,6.09
180,181,churse,0.473155474,6.455318602,4.951726893,5.345044153,6.401053237,6.35681334,6.455318602,5.345044153,1,2.9,subsequent,0.524193045775836,5.16
181,182,chussals,0.540426572,4.71586515,4.724505734,4.556912407,5.248022004,5.176285901,4.71586515,4.556912407,3,5.0,adjacent,0.592245345776526,5.15
182,183,chuzzer,0.523622417,6.722250439,5.304755257,5.74183016,6.02478492,6.182260942,6.722250439,5.74183016,2,5.16,buzzer,0.542193421580833,5.16
183,184,cibness,0.549021422,4.428839271,4.890240672,3.058852671,5.472454512,5.456820613,4.428839271,3.058852671,2,6.03,loss,0.566834152704244,2.9
184,185,clace,0.626571495,7.878818156,5.238373849,5.470767055,7.911352878,7.891467851,7.878818156,5.470767055,1,6.22,skirt,0.564509877476807,6.14
185,186,clact,0.508378927,8.138252497,5.129951521,5.206259701,8.231373745,8.168274704,8.138252497,5.206259701,2,5.12304347826087,corresponding,0.601849070570684,5.1
186,187,claky,0.47986182,6.583734757,5.110744414,5.026899901,6.502579836,6.510395487,6.583734757,5.026899901,1,4.515,horrible,0.480604275385287,2.33
187,188,clawbants,0.39658758,5.746413181,4.992674132,5.97774722,5.193695825,5.261644413,5.746413181,5.97774722,4,4.654,thrust,0.599162408817159,5.75
188,189,cleb,0.524529071,9.033748431,5.160688603,5.400560263,9.167166229,8.965788054,9.033748431,5.400560263,1,6.5,girl,0.510316563794814,7.15
189,190,clebe,0.556573746,7.845322264,5.233711269,5.752553218,7.852103795,7.818609535,7.845322264,5.752553218,2,5.47555555555556,girl,0.531023486679189,7.15
190,191,cleete,0.465996683,7.602686805,5.341831,5.756014432,7.497819887,7.563937817,7.602686805,5.756014432,2,5.42333333333333,flower,0.576701215612737,7.3
191,192,clesk,0.491946074,7.459832532,5.035790989,5.475391584,7.614366602,7.558729285,7.459832532,5.475391584,1,4.76,cousin,0.554775231047186,6.11
192,193,clesp,0.556049086,7.636801695,5.104481838,5.41403025,7.695559511,7.761347461,7.636801695,5.41403025,1,5.19,guy,0.601470753186222,6.55
193,194,cley,0.657528157,7.943018888,5.224261248,5.423564181,7.84699018,7.831691235,7.943018888,5.423564181,1,5.45,guy,0.501932330544512,6.55
194,195,clinfler,0.437743244,5.749180089,5.122760116,5.013173964,5.623560554,5.69217248,5.749180089,5.013173964,3,4.72666666666667,sorcerer,0.584734582781926,5.76
195,196,cloddener,0.382235721,6.02620858,4.87791122,5.513735146,5.743917536,5.689444374,6.02620858,5.513735146,4,5.20375,brother,0.55443841484539,6.18
196,197,cloor,0.539167452,7.97239594,5.191616,5.3906013,7.865062019,7.863218502,7.97239594,5.3906013,1,6.095,floor,0.567216353873205,5.14
197,198,coachgurbed,0.352377427,7.438910471,4.809342718,6.649335872,6.292358934,6.183155646,6.360085251,5.251666457,5,4.24,linebacker,0.528189519827865,5.42
198,199,coaxnine,0.369116991,8.418736833,5.186677932,6.966666106,7.241392148,7.262233337,7.3197032,5.592284262,2,6.22,work,0.49249952300464,5.05
199,200,cobfic,0.514308143,7.889474301,5.080881933,6.087297581,6.844935953,6.839299774,7.047538234,5.020715299,2,4.978,part,0.558959600375754,4.77
200,201,cobnies,0.628229591,4.962940406,5.057634019,3.063158754,5.996631059,6.018781221,4.962940406,3.063158754,3,5.31434782608696,trousers,0.575142612890358,5.15
201,202,codhus,0.492931502,7.21911217,4.784402342,5.547455424,7.080781457,6.86338921,7.21911217,5.547455424,3,5.51,handful,0.555735941346783,5.45
202,203,cofew,0.53366236,8.490883087,5.277062975,5.751360758,8.604693916,8.538277289,8.490883087,5.751360758,2,5.61444444444444,nincompoop,0.539990588567111,5.0
203,204,cofnun,0.415175038,8.484952313,5.074121791,6.668256246,7.580630949,7.522615672,7.38591868,5.293874402,2,2.63,wife,0.571609036325773,6.7
204,205,cofrer,0.549040314,7.409384559,5.149644196,5.746018278,7.356843943,7.351964533,7.409384559,5.746018278,2,5.56307692307692,cousin,0.541531146425677,6.11
205,206,colboas,0.482471219,6.261162405,5.092122825,5.199012133,6.280547987,6.295975559,6.261162405,5.199012133,3,5.30571428571429,yellow,0.603473570182261,6.09
206,207,coldibed,0.444391551,4.54982771,4.792286794,5.291067221,4.701155467,4.590650833,4.54982771,5.291067221,3,5.37857142857143,aforementioned,0.547132896625802,5.21
207,208,collauce,0.405722097,6.166235311,5.191532763,5.410412394,6.211756463,6.278859355,6.166235311,5.410412394,2,4.21,nincompoop,0.51708405952316,5.0
208,209,colpust,0.442564822,4.477229068,4.953112976,4.942941566,4.648263101,4.612034347,4.477229068,4.942941566,2,5.47,woe,0.575635599451073,3.38
209,210,combrince,0.516907871,6.018243544,5.092926147,5.586351302,6.115013586,6.15107474,6.018243544,5.586351302,2,4.84,get,0.534173689282847,6.09
210,211,compake,0.594345279,6.244736325,5.234382733,5.267658154,6.060546698,6.12935464,6.244736325,5.267658154,1,5.09,overlay,0.544265102695688,4.58
211,212,compesh,0.474324214,6.06203483,5.139274667,5.088502888,6.025511272,6.053124193,6.06203483,5.088502888,2,5.325,hurt,0.5446195228393,2.45
212,213,compracked,0.418220071,5.641546602,4.950154096,4.667145801,5.646929596,5.681558642,5.641546602,4.667145801,3,4.0,available,0.522225886665681,6.86
213,214,comwosed,0.424146881,5.092359167,5.01592719,4.751339202,5.195730317,5.213220572,5.092359167,4.751339202,2,6.03,engaged,0.545583777169151,6.78
214,215,conchyls,0.447860961,5.320622539,5.019865992,4.623462595,5.893342301,5.916413164,5.320622539,4.623462595,3,4.66,antibiotics,0.537151681084367,5.05
215,216,condeg,0.445590367,6.608004747,5.019244377,5.12015176,6.796637703,6.741599887,6.608004747,5.12015176,2,5.21636363636364,meaning,0.565048160522137,6.45
216,217,congesnes,0.453594847,4.842148909,5.033306114,4.51800011,5.145159451,5.123521409,4.842148909,4.51800011,3,4.84571428571429,misconception,0.542093233929833,3.65
217,218,congirds,0.509523776,4.703553429,4.7499204,5.30300345,4.634998245,4.574003747,4.703553429,5.30300345,3,5.714,anxiety,0.557422334551689,2.38
218,219,conmince,0.543898821,6.239122413,5.206689199,4.992172393,6.163671572,6.223782234,6.239122413,4.992172393,1,5.45,viola,0.55229335697591,6.2
219,220,connar,0.570106091,6.450610448,5.152113286,5.35165826,6.626053489,6.608969884,6.450610448,5.35165826,2,5.26333333333333,lie,0.505270727178788,2.39
220,221,connusts,0.405118567,5.350334269,4.810191939,5.603084764,5.235174247,5.199055467,5.350334269,5.603084764,3,5.32333333333333,species,0.554421395832557,5.26
221,222,conshosts,0.408605198,5.915845857,4.825159989,4.986943303,6.154416633,6.080303862,5.915845857,4.986943303,3,5.35,people,0.565506897936344,5.7
222,223,coopan,0.593328518,6.792051301,5.266973556,5.575878597,6.653119709,6.663514323,6.792051301,5.575878597,2,5.3675,aquamarine,0.521008668725571,6.4
223,224,copga,0.50361808,8.227286036,5.188976545,8.025486243,6.639085516,6.516078034,8.227286036,8.025486243,1,5.9,software,0.55346095126457,6.37
224,225,copger,0.470136898,8.178164039,5.169688162,7.882697545,6.558949289,6.480127689,8.178164039,7.882697545,1,5.13666666666667,connect,0.50259289307115,6.61
225,226,copgies,0.446608424,7.709283521,5.090823589,8.132926672,5.821963264,5.870702808,7.709283521,8.132926672,2,4.95,output,0.529634956440118,4.85
226,227,copgred,0.479925555,8.586427407,4.970582055,7.775129869,7.00646143,6.875392352,8.586427407,7.775129869,2,6.57,congratulations,0.538896154574657,7.33
227,228,copgy,0.485456291,7.807646392,5.148459782,7.801422042,5.955227506,5.986987965,7.807646392,7.801422042,1,5.22,import,0.511087142768993,5.28
228,229,copicts,0.540515483,6.402977963,5.003360305,5.170144729,6.280542209,6.283738302,6.402977963,5.170144729,2,6.95,survive,0.543495412530883,6.9
229,230,corkner,0.582497642,6.034313287,5.074190103,5.261306898,6.088878661,6.059618725,6.034313287,5.261306898,1,3.915,brown,0.573989914680852,5.52
230,231,corrift,0.61522956,4.885965424,5.024946421,4.840116523,5.069048059,5.048121939,4.885965424,4.840116523,2,4.97,fantastic,0.440539056674846,8.36
231,232,corsoy,0.53871341,6.249150802,5.067278973,5.212022815,6.474944372,6.405024266,6.249150802,5.212022815,2,5.37285714285714,peninsula,0.541593096789724,5.95
232,233,cothaw,0.505986121,5.994906015,5.202023386,5.323857811,5.966221548,6.011170811,5.994906015,5.323857811,2,4.95,stow,0.574427953926756,5.0
233,234,couthstips,0.496936992,5.630641754,4.769730184,4.308205466,5.961094682,5.763889641,5.630641754,4.308205466,4,6.165,unorthodox,0.597183956977154,5.38
234,235,cowdled,0.41970875,5.461895058,4.88904101,4.574737101,5.623994619,5.615086368,5.461895058,4.574737101,2,3.2,mutilated,0.518754525830504,2.73
235,236,coyryx,0.385346842,5.310706795,5.05467559,2.089907626,5.959167486,5.997915883,5.310706795,2.089907626,3,4.81666666666667,sexy,0.535998788512449,7.42
236,237,cpar,0.512995103,7.957125112,5.131535528,6.719412068,7.106067695,6.999870721,6.837234462,5.30626545,1,5.36,fuchsia,0.58718000581145,5.14
237,238,cracots,0.48115706,5.739767225,4.99990606,5.309570877,5.567646616,5.539147353,5.739767225,5.309570877,3,4.66210526315789,beef,0.552409339945032,6.11
238,239,crair,0.519316253,7.691706624,5.06193771,5.120439941,7.596625981,7.586884709,7.691706624,5.120439941,1,5.89,add,0.622626800820865,6.23
239,240,cramney,0.381746733,4.575508262,5.186685227,4.432158539,4.967139945,5.070651312,4.575508262,4.432158539,2,4.19,snowstorm,0.551814337259277,3.55
240,241,crangles,0.444865826,5.451797574,5.021936894,4.676162992,5.589163338,5.65463918,5.451797574,4.676162992,3,4.87533333333333,matching,0.55278290610112,6.3
241,242,cranser,0.43990769,5.327086975,5.014476282,4.813578967,5.367175133,5.375695423,5.327086975,4.813578967,2,4.80454545454545,killer,0.534913505271928,1.74
242,243,cratching,0.386220813,4.777288934,4.981742265,4.843537674,4.7733456,4.766663564,4.777288934,4.843537674,2,6.3,trouble,0.467381417731529,2.87
243,244,crearking,0.314354519,4.898426553,4.998058278,5.099148758,5.05328075,5.087154772,4.898426553,5.099148758,1,4.55,configuration,0.541263690207877,4.58
244,245,creely,0.414268395,7.008725769,5.238565544,5.317052304,6.907666245,7.034773297,7.008725769,5.317052304,1,2.52,area,0.548297001483349,5.56
245,246,crewdly,0.336559769,6.83847263,4.976418811,4.141448306,7.242050357,7.299295713,6.83847263,4.141448306,3,4.87714285714286,prior,0.578361385311833,4.32
246,247,creycound,0.450902183,6.182387568,4.885528582,5.371972405,5.8245873,5.833640652,6.182387568,5.371972405,2,5.95,creation,0.608003309445655,6.85
247,248,crideles,0.44245589,4.543607491,4.908800578,4.727167849,4.687491285,4.641418209,4.543607491,4.727167849,3,5.228,horrible,0.541689813939202,2.33
248,249,cridgepeads,0.345736168,4.064400116,4.694422499,4.366458749,4.545636698,4.444348857,4.064400116,4.366458749,6,5.13684210526316,complicated,0.600435954834528,3.82
249,250,cridgers,0.334035996,4.264954955,4.73359089,4.608913154,4.473508799,4.363201266,4.264954955,4.608913154,3,4.975,horrible,0.525412967439129,2.33
250,251,cridths,0.490473609,3.815379086,4.716955397,3.997821782,4.376562534,4.250300802,3.815379086,3.997821782,3,4.376,variation,0.531527003017131,5.53
251,252,crile,0.407449257,4.91767809,5.156191514,4.979021236,5.05515582,5.015892537,4.91767809,4.979021236,1,1.95,horrible,0.483840820053018,2.33
252,253,croal,0.443096846,6.892713489,5.179122827,4.949529007,7.124798578,7.129489793,6.892713489,4.949529007,1,4.75666666666667,relative,0.524207346904472,5.9
253,254,crockack,0.360364007,4.111958195,4.982035363,3.83015235,4.542807079,4.501394918,4.111958195,3.83015235,3,3.69,leakage,0.487994551853603,3.52
254,255,cruker,0.390695213,4.381705659,4.954523911,3.603585451,5.047664412,5.01065848,4.381705659,3.603585451,2,4.38363636363636,corresponding,0.538428978396473,5.1
255,256,cruns,0.486923141,5.628564633,4.877546921,4.236884186,5.769316443,5.826925362,5.628564633,4.236884186,2,4.53875,work,0.571517493796675,5.05
256,257,crutto,0.459748151,5.844883351,4.989592989,4.373755108,6.099528988,6.041341179,5.844883351,4.373755108,2,4.8875,mandate,0.55709661011089,3.76
257,258,cryps,0.336467962,4.542052382,4.969711271,3.850656844,4.646696254,4.713569456,4.542052382,3.850656844,1,2.67,sashimi,0.58962635099172,4.77
258,259,culboaned,0.34000637,5.129506017,4.936776595,5.011179274,5.23735443,5.281557511,5.129506017,5.011179274,3,4.81,speckled,0.564633867124279,5.78
259,260,cundeans,0.392154548,5.257936798,4.828322482,5.009109541,5.235897666,5.282527265,5.257936798,5.009109541,3,3.29666666666667,granddaughter,0.596987878219512,6.86
260,261,cupgal,0.536136975,8.880475449,5.049963755,7.944406337,7.170804047,7.210278625,8.880475449,7.944406337,3,5.52129032258065,remedy,0.532330080556528,6.62
261,262,cutbroas,0.393444895,4.218839566,4.866781107,4.575972818,4.513245655,4.431935813,4.218839566,4.575972818,3,2.805,outbreak,0.540663776217323,2.47
262,263,cybrane,0.454178505,6.644389767,5.117081334,5.785389333,6.409344419,6.458768967,6.644389767,5.785389333,3,5.2828,fabulous,0.576492205112426,7.84
263,264,cyclite,0.572199594,7.218713618,5.146181977,5.498082294,6.644486489,6.702696341,7.218713618,5.498082294,2,4.555,dildo,0.502228189069254,4.57
264,265,cymning,0.519901597,5.28225868,5.059697554,5.066645633,5.215091943,5.304020402,5.28225868,5.066645633,2,5.14333333333333,alternating,0.5113038437639,5.37
265,266,cyquanes,0.484801766,6.399187695,5.120593784,6.219190011,5.300631024,5.454698422,5.970618081,4.332360683,4,4.85888888888889,godson,0.636616548592096,6.05
266,267,dackly,0.525172099,7.051861706,4.911638307,4.635332102,7.093062352,7.127294998,7.051861706,4.635332102,2,4.99,pronto,0.630270198210179,5.7
267,268,dagoul,0.417773737,6.532399467,4.92874366,4.428530333,6.738633707,6.697669795,6.532399467,4.428530333,2,4.55,one,0.564685215344654,6.09
268,269,dalf,0.572565359,7.610541844,5.004968599,4.774271919,8.506060771,8.404635647,7.610541844,4.774271919,1,5.44,magenta,0.595740996886426,5.95
269,270,dallead,0.385250799,6.820286357,4.922668085,4.802149287,7.034359717,7.087844798,6.820286357,4.802149287,2,6.33,chairman,0.603831743845989,5.57
270,271,dalp,0.520400441,7.655893738,5.0136574,4.774239794,8.044135013,7.920259053,7.655893738,4.774239794,1,4.05,orbit,0.572439495340227,5.95
271,272,danchunk,0.463762069,5.446581148,4.788225725,4.468514577,5.644994462,5.59090879,5.446581148,4.468514577,3,4.14,variation,0.516414497304287,5.53
272,273,dapgel,0.490515989,9.074778961,5.039316861,7.317314276,7.782835508,7.638898748,9.074778961,7.317314276,2,5.33,multiple,0.526526419844006,5.0
273,274,dapger,0.441433088,8.214711111,4.984493043,7.222258517,6.883030734,6.804016931,8.214711111,7.222258517,1,3.52,advertise,0.536454816736456,5.16
274,275,dapging,0.539982402,7.781160402,4.891098049,7.465028182,6.138003515,6.124352663,7.781160402,7.465028182,2,5.06,work,0.46767385864437,5.05
275,276,daping,0.542732583,5.315972382,4.938461254,4.488970656,5.534751378,5.534538132,5.315972382,4.488970656,1,5.26,matching,0.487171048707574,6.3
276,277,dardpour,0.390994715,5.504908226,4.658062572,4.690510983,5.56886699,5.481930007,5.504908226,4.690510983,3,3.33,unorthodox,0.603152906367886,5.38
277,278,dasarps,0.413733164,4.121352212,4.749811272,3.976201936,4.554632295,4.514620521,4.121352212,3.976201936,3,4.38,godson,0.601447326811585,6.05
278,279,dasetail,0.564261005,5.717178532,4.952686139,4.642232065,5.872895415,5.852465718,5.717178532,4.642232065,2,5.67,mixture,0.553625261994316,5.9
279,280,dashup,0.640794032,6.063523006,4.792917332,4.769366296,6.165039689,6.082082238,6.063523006,4.769366296,2,5.05,combination,0.524641838706729,5.47
280,281,debty,0.384534179,3.89434401,4.949557463,4.252435241,4.299337256,4.469725815,3.89434401,4.252435241,1,1.95,debt,0.567348076288596,1.95
281,282,dededge,0.401469374,6.027710074,4.76284785,4.474329965,6.339495684,6.23510494,6.027710074,4.474329965,2,3.32,aquamarine,0.567960594946113,6.4
282,283,deedlosh,0.458708425,4.683694573,4.842883562,3.99852077,5.19324007,5.097335365,4.683694573,3.99852077,3,3.71333333333333,nincompoop,0.571094855476699,5.0
283,284,defoles,0.378074926,4.784901991,5.042199609,4.459848599,4.942379075,4.975292252,4.784901991,4.459848599,3,4.71470588235294,fuchsia,0.535840339676286,5.14
284,285,defotes,0.389264734,5.060130439,5.010694498,4.699418319,5.048510416,5.088599803,5.060130439,4.699418319,2,6.345,configuration,0.577414439353373,4.58
285,286,degaps,0.393559963,3.769905345,4.921903918,3.730124208,4.239195611,4.272211527,3.769905345,3.730124208,3,4.56315789473684,defeat,0.562143207241706,3.74
286,287,degide,0.411404535,4.949611905,4.872655844,4.371534229,5.371752216,5.274844036,4.949611905,4.371534229,1,6.28,citadel,0.56064730873468,5.61
287,288,dehosed,0.265460885,4.32025488,4.846778114,3.972540178,4.499886307,4.407253856,4.32025488,3.972540178,2,5.68,aquamarine,0.569821598799333,6.4
288,289,deplarked,0.378740755,4.177923073,4.827791409,4.196286175,4.599990278,4.581170497,4.177923073,4.196286175,3,4.235,viola,0.53157619889921,6.2
289,290,depleare,0.320910243,4.974816293,5.174007028,4.650681117,5.261387258,5.314716665,4.974816293,4.650681117,2,5.42,problematic,0.453921631652039,2.58
290,291,deplews,0.529590867,4.155431078,5.014784598,4.225998887,4.621601991,4.689852715,4.155431078,4.225998887,2,2.47,improvement,0.508198768325504,6.53
291,292,depouts,0.456661504,4.689208031,4.857328248,4.30439007,5.015174928,4.955089585,4.689208031,4.30439007,2,4.525,painting,0.519756413582487,6.9
292,293,deprods,0.440790146,4.452973109,4.72393582,4.236888185,4.822546915,4.711888295,4.452973109,4.236888185,2,2.47,prod,0.575246234079595,4.65
293,294,deprumed,0.272964138,4.761696642,4.782254907,3.909558507,5.127983818,5.09179785,4.761696642,3.909558507,3,3.96666666666667,different,0.541945716118894,5.91
294,295,depuds,0.446747829,4.017717355,4.647535951,3.857794828,4.435337253,4.459750161,4.017717355,3.857794828,2,4.46,defeated,0.616994903461384,2.59
295,296,depursts,0.419655602,4.421290463,4.631216531,4.244914493,4.662509626,4.599866469,4.421290463,4.244914493,3,3.74,replacement,0.573795446620998,5.45
296,297,deshey,0.524235683,5.817729455,4.992874285,4.494033215,5.983450985,5.958292803,5.817729455,4.494033215,3,4.823625,viola,0.559690588036121,6.2
297,298,desombs,0.35847215,3.978434359,4.794459236,4.133525852,4.275392115,4.154361881,3.978434359,4.133525852,4,4.6944578313253,problematic,0.52141216300581,2.58
298,299,despast,0.327504368,5.576974222,4.812559966,4.715753719,5.736416452,5.655584005,5.576974222,4.715753719,2,3.7525,past,0.522045876136442,5.09
299,300,desues,0.486455083,4.273173805,4.803753228,4.718224151,4.3797486,4.335227228,4.273173805,4.718224151,2,5.78,dilemma,0.537954962873487,4.24
300,301,desurps,0.395869663,4.039808414,4.666616194,3.797274233,4.388055061,4.374661447,4.039808414,3.797274233,3,4.86857142857143,troublesome,0.548078253578037,2.74
301,302,detilns,0.502361096,5.183760401,4.870048735,4.643547679,5.442217443,5.440603376,5.183760401,4.643547679,3,4.65133333333333,oppose,0.570664847547996,4.21
302,303,devash,0.400508287,6.063062299,4.981938365,4.246388806,6.287971567,6.251588705,6.063062299,4.246388806,2,4.23166666666667,duplicate,0.503670679054926,4.7
303,304,dewshaps,0.527430305,4.297553159,4.843646929,3.67044341,5.079620249,5.093329802,4.297553159,3.67044341,4,4.9775,dew,0.569444380307966,4.79
304,305,dezien,0.584712867,4.186730583,5.219533544,3.584656108,5.110892192,5.122743496,4.186730583,3.584656108,2,6.05,beige,0.556373423245586,5.26
305,306,dezil,0.487025009,3.67905005,5.158068373,3.309701593,4.700362923,4.737809801,3.67905005,3.309701593,1,3.11,northwest,0.622799274780393,5.81
306,307,dezins,0.459310901,3.677491351,5.025203383,3.376400727,4.687894468,4.724584737,3.677491351,3.376400727,2,5.34,fuchsia,0.577945445773122,5.14
307,308,deziss,0.457814152,3.826269339,4.919347935,2.961323029,4.960136458,4.863705781,3.826269339,2.961323029,2,4.0025,mad,0.580994391426172,2.47
308,309,dezist,0.322718096,3.787772485,5.005255767,3.231876515,4.850374432,4.84056177,3.787772485,3.231876515,1,4.27,ugly,0.599791459552402,2.47
309,310,dicicts,0.44980006,4.80403855,4.747288897,4.259154426,5.186679706,5.160382675,4.80403855,4.259154426,3,4.615,manifestation,0.606531432060566,4.38
310,311,dideles,0.531219593,4.536469722,4.794817002,4.262081235,4.901383105,4.930677187,4.536469722,4.262081235,2,4.75,viola,0.583709248843552,6.2
311,312,diferesce,0.430591125,5.477994049,4.971632996,4.580129188,5.539386601,5.512746002,5.477994049,4.580129188,2,4.89,difference,0.461020564753374,4.89
312,313,diffrorn,0.394846086,4.701726572,4.858107292,4.259034432,5.040252521,5.053592113,4.701726572,4.259034432,3,5.635,problematic,0.476456218704899,2.58
313,314,digrechs,0.33945002,4.741961763,4.77801452,3.698359415,5.389697674,5.333107842,4.741961763,3.698359415,3,5.75,viola,0.605638682383568,6.2
314,315,digrelf,0.431823205,4.384021662,4.922041564,4.329011849,4.981169512,4.98889491,4.384021662,4.329011849,3,4.688,goof,0.555072867391941,5.35
315,316,dilthes,0.425922754,4.321167141,4.871206041,4.011603157,4.85188775,4.807918321,4.321167141,4.011603157,3,4.5075,naked,0.571397601647869,6.21
316,317,dilths,0.369619736,3.745876047,4.798183376,3.477934812,4.253787988,4.160096153,3.745876047,3.477934812,2,3.02,mistress,0.523466235666797,3.86
317,318,dilthy,0.323083893,4.353494794,4.912566787,3.917740316,4.862259473,4.817519463,4.353494794,3.917740316,1,3.42,bad,0.438516694072134,3.24
318,319,dimbprong,0.401909084,4.311835954,4.820846494,3.162684354,5.272891692,5.156630468,4.311835954,3.162684354,4,5.44,susceptible,0.522457318700423,3.67
319,320,dimians,0.494930672,4.205242988,4.85274468,4.205875264,4.490854215,4.488272539,4.205242988,4.205875264,3,4.90230769230769,viola,0.555876531939428,6.2
320,321,dipgred,0.418967505,8.204119811,4.73551881,7.077786777,6.865106617,6.711179496,8.204119811,7.077786777,3,4.69333333333333,congratulations,0.533841440274429,7.33
321,322,dipske,0.413361986,4.715223152,4.84531215,4.397812131,5.06048281,5.004456073,4.715223152,4.397812131,2,4.73,drop,0.510990355074963,4.23
322,323,dipuns,0.508070406,4.676844285,4.741891899,4.234901164,5.099932532,5.046498932,4.676844285,4.234901164,3,4.69928571428571,configuration,0.549847842221608,4.58
323,324,direrbs,0.518970903,4.837075966,4.736861528,4.556322501,4.988014473,4.864663646,4.837075966,4.556322501,3,5.212,different,0.535145214628947,5.91
324,325,diruke,0.443179668,3.981391448,4.824264888,3.537708861,4.815632212,4.730111431,3.981391448,3.537708861,2,4.2675,tapeworm,0.517948177819613,2.19
325,326,dirursts,0.447981091,4.090994046,4.488596047,4.426876438,4.228167123,4.044386241,4.090994046,4.426876438,4,4.60172413793103,trauma,0.537553874773951,2.89
326,327,dirurved,0.371708687,4.245172079,4.662097242,3.974815392,4.789457469,4.7078664,4.245172079,3.974815392,3,5.24,surgery,0.543939732162859,3.18
327,328,dischoyed,0.324397334,4.581373736,4.724151756,3.727178028,5.26057788,5.16758213,4.581373736,3.727178028,3,4.92,crushed,0.575244014625927,2.87
328,329,disdauched,0.350445618,4.579708636,4.430444174,3.584529761,5.448038313,5.274255229,4.579708636,3.584529761,3,4.59,disdain,0.555221283794016,3.71
329,330,disdettes,0.327409659,4.358584887,4.606604735,3.313226519,5.191780409,5.049423577,4.358584887,3.313226519,3,2.74,disdain,0.541931374046878,3.71
330,331,disdorn,0.250204951,4.942780288,4.624581659,3.802010402,5.571276698,5.386914274,4.942780288,3.802010402,2,3.24,running,0.51047707635393,6.53
331,332,disfroke,0.312146636,4.508449316,4.823990831,4.469343341,4.766364261,4.702558259,4.508449316,4.469343341,2,3.9,impending,0.535964548701976,3.68
332,333,disgraked,0.242306054,4.509745444,4.579113146,3.338147749,4.78666704,4.687760115,4.509745444,3.338147749,2,2.45,fantastic,0.510603901996326,8.36
333,334,disgraud,0.270198714,4.145907137,4.491144941,3.146219499,4.688635824,4.563329643,4.145907137,3.146219499,2,2.45,misconception,0.549104805662664,3.65
334,335,disgroose,0.322658406,4.388018429,4.78957763,3.52883262,4.933037885,4.804251884,4.388018429,3.52883262,3,4.02666666666667,racist,0.560565809825758,2.05
335,336,dislack,0.371533259,4.772468025,4.780979449,3.262075801,5.350470621,5.263578969,4.772468025,3.262075801,2,3.37,trouble,0.460637265198022,2.87
336,337,dislaists,0.392159401,4.264725862,4.587180357,3.596592494,4.845725752,4.723141965,4.264725862,3.596592494,3,4.58,touchdown,0.569200296632525,7.11
337,338,dislausts,0.325685356,4.046122837,4.514423419,3.620940562,4.501104667,4.397546631,4.046122837,3.620940562,3,4.05333333333333,killing,0.56631700488661,1.95
338,339,dislolls,0.423698843,4.816280632,4.764867031,2.77176091,5.796405215,5.6843104,4.816280632,2.77176091,3,3.85,sugar,0.564881635738436,6.56
339,340,dispames,0.407205953,4.578173729,4.830791346,4.60510285,4.810575957,4.796476895,4.578173729,4.60510285,3,3.4575,abuse,0.513478056673005,1.53
340,341,dispreged,0.294963601,3.935405754,4.687233981,4.134978625,4.447176781,4.339491082,3.935405754,4.134978625,3,3.92142857142857,disconcerting,0.527396086702222,3.58
341,342,disputs,0.24463337,5.021108515,4.600636788,4.296283333,5.38477779,5.306081033,5.021108515,4.296283333,1,2.52,trouble,0.537772095367867,2.87
342,343,disrusts,0.26223166,4.745621091,4.426006922,3.325369337,5.192868854,5.052792553,4.745621091,3.325369337,2,3.91,constipation,0.583350484765712,2.45
343,344,disspost,0.349152555,4.365952753,4.614447531,3.917776626,5.066847275,4.85316764,4.365952753,3.917776626,2,4.0,mistake,0.568881504982026,2.89
344,345,ditheless,0.336710192,5.484005188,4.822921212,4.183325066,5.961614862,5.85991471,5.484005188,4.183325066,3,4.015,dilemma,0.577836634974548,4.24
345,346,divords,0.227610857,4.742303161,4.661603688,4.480032428,5.061485988,4.97473871,4.742303161,4.480032428,2,2.49,fake,0.568394714663865,2.62
346,347,divucts,0.398154968,5.299797579,4.722506103,3.925073553,5.814509514,5.744634238,5.299797579,3.925073553,3,4.95142857142857,modify,0.480947335938444,5.1
347,348,doelt,0.387623644,7.769806934,5.069169575,4.835666305,7.648792912,7.588886973,7.769806934,4.835666305,2,4.80736842105263,shear,0.567427293556925,5.21
348,349,doep,0.48882895,7.901048756,5.103067791,4.679846474,7.95761204,7.933575922,7.901048756,4.679846474,1,5.07,ready,0.579276329663796,6.64
349,350,dofis,0.529593381,5.357430834,4.883773382,4.978512196,5.13278323,5.167229543,5.357430834,4.978512196,3,5.0682962962963,blowjob,0.643715926889593,6.16
350,351,donco,0.571511575,5.582169507,5.039670768,5.081468107,5.649542565,5.644247971,5.582169507,5.081468107,2,5.29058823529412,go,0.567998963981615,6.32
351,352,dondits,0.505819721,4.555756035,4.647900366,4.924988823,4.531730918,4.508452963,4.555756035,4.924988823,3,5.1575,wanton,0.620453731883608,5.24
352,353,donfled,0.437283497,3.442467412,4.875926285,4.331011934,3.435999408,3.519760915,3.442467412,4.331011934,3,5.28444444444444,troubled,0.57006602313239,3.11
353,354,donfles,0.536180178,3.429178626,4.953724897,4.312392838,3.38073427,3.492525774,3.429178626,4.312392838,3,5.48928571428571,crazy,0.607736232358149,5.14
354,355,donpled,0.530810063,3.914162025,4.884615086,4.413206792,4.20501185,4.254321967,3.914162025,4.413206792,3,5.299,confused,0.511994432016143,3.11
355,356,doolcrobs,0.417592178,3.882949478,4.846791522,3.425499365,4.255105901,4.181447242,3.882949478,3.425499365,4,5.34,troublesome,0.564832739084528,2.74
356,357,dortness,0.423440999,4.990616583,4.756278722,5.164241077,5.237446261,5.090289364,4.990616583,5.164241077,2,5.0075,shortness,0.561375284181793,3.75
357,358,doryls,0.473358181,5.292308165,4.844596624,4.554115409,5.628765626,5.568642688,5.292308165,4.554115409,3,5.04689655172414,aquamarine,0.528377884188213,6.4
358,359,drapgash,0.349016567,8.030290523,4.809460822,7.261716838,6.354485639,6.252286431,8.030290523,7.261716838,4,4.19708333333333,dress,0.499908966467686,6.42
359,360,drockly,0.506248718,5.930477286,4.865413111,4.635126308,5.708795469,5.72902779,5.930477286,4.635126308,2,3.59,pronto,0.565120152027885,5.7
360,361,drumess,0.536289552,5.149620726,4.671119357,4.247964503,5.191102455,5.086390943,5.149620726,4.247964503,2,4.62,weapon,0.541030668275478,3.95
361,362,dullting,0.34556209,4.771849324,4.778043421,4.486894555,4.760096515,4.730173535,4.771849324,4.486894555,3,5.268,negligible,0.505409289942698,3.81
362,363,dumfrings,0.358491499,6.1015443,4.626228688,5.353099276,5.610016984,5.533892679,6.1015443,5.353099276,3,6.48,different,0.555920212583105,5.91
363,364,duntbews,0.395942778,4.399660787,4.74067166,4.172405994,4.71389989,4.743372575,4.399660787,4.172405994,3,4.61,heavyweight,0.65844288395277,4.37
364,365,dupung,0.331682676,4.764588384,4.74307925,4.504211868,4.774259127,4.744622727,4.764588384,4.504211868,2,3.86,leftover,0.536559848156657,4.59
365,366,dyish,0.375898546,2.95531742,4.830553506,3.987131506,3.659363454,3.564027253,2.95531742,3.987131506,1,5.7,problematic,0.497586295322108,2.58
366,367,dymph,0.507763085,8.464283588,4.961847615,5.212842285,8.308180764,8.221342858,8.464283588,5.212842285,1,5.42,remake,0.578661565932253,4.53
367,368,ealm,0.632118038,7.384560121,5.290289336,5.39577648,7.451447659,7.552315788,7.384560121,5.39577648,1,6.178,realm,0.497379133718712,5.39
368,369,eament,0.508670008,6.442083872,5.316354845,5.860502299,6.067905579,6.214986438,6.442083872,5.860502299,1,4.16,argument,0.540162820224271,2.62
369,370,earsiews,0.468173973,5.823732467,5.060472623,5.435134942,5.75991181,5.83834164,5.823732467,5.435134942,3,5.57666666666667,unison,0.601395887616338,5.76
370,371,eashwands,0.541436334,7.181283373,4.86718356,6.227648547,6.65331506,6.596094646,7.181283373,6.227648547,5,5.13566666666667,adjoining,0.523297516445152,5.06
371,372,ecate,0.518809949,7.04370438,5.306295565,5.536036368,6.993706386,7.05632533,7.04370438,5.536036368,2,5.31941176470588,fallback,0.562333550659653,4.81
372,373,edil,0.553313908,7.379737771,5.042207938,5.07164235,7.524950434,7.498858361,7.379737771,5.07164235,1,3.645,pronto,0.594546664523797,5.7
373,374,edso,0.592094845,3.639036627,4.987156295,5.567160593,3.461953281,3.35289984,3.639036627,5.567160593,2,5.44722222222222,tremble,0.701852981449485,3.18
374,375,edsows,0.525107425,4.182408689,4.87583084,5.295841335,4.046711375,4.116203141,4.182408689,5.295841335,3,3.83,congrats,0.714756858929501,6.94
375,376,eemlid,0.510129135,6.821339907,5.114337769,6.516757277,5.729361264,5.783514588,6.821339907,6.516757277,3,5.02391304347826,fantastic,0.647510600894882,8.36
376,377,efel,0.621216772,8.215113582,5.316527358,5.485629618,7.867100891,7.864768354,8.215113582,5.485629618,1,5.205,effect,0.463505416673533,5.5
377,378,efem,0.524111135,8.086141491,5.319529075,5.236245179,7.945705253,7.968733945,8.086141491,5.236245179,2,5.12142857142857,effect,0.585008486092112,5.5
378,379,efut,0.564483591,7.969184356,5.122967196,5.256785996,7.695587413,7.770588255,7.969184356,5.256785996,2,4.87870967741936,treasure,0.639880863268421,7.65
379,380,eilthetes,0.535485505,4.744140871,5.180957817,4.895063178,4.736818874,4.828155609,4.744140871,4.895063178,4,4.205,mumps,0.594337737590827,2.61
380,381,eintrus,0.481804893,4.68983524,4.925298638,4.794228409,4.631405436,4.613581608,4.68983524,4.794228409,2,6.34,difficult,0.531968213889153,3.78
381,382,ejoles,0.519528994,6.80384772,5.184138035,5.616923298,6.771902653,6.824527734,6.80384772,5.616923298,3,5.28689655172414,adjoining,0.565192389217653,5.06
382,383,ekeme,0.519001887,8.654730339,5.332549694,5.813484598,8.654106832,8.696438087,8.654730339,5.813484598,2,3.7,get,0.560911045213775,6.09
383,384,elktess,0.562841258,7.239900608,4.978510659,6.539586282,6.5411436,6.493503273,7.239900608,6.539586282,3,4.96933333333333,elk,0.53421356785665,5.81
384,385,ellachs,0.518603666,5.218867619,5.125281224,4.974083216,5.026648425,5.134971504,5.218867619,4.974083216,3,4.62,viola,0.556311977739009,6.2
385,386,elptish,0.610605132,6.677069481,5.06491615,5.362885876,6.585469414,6.575095403,6.677069481,5.362885876,2,4.5,skittish,0.58814211144162,4.27
386,387,eltence,0.60279863,6.604595402,5.326378954,5.534844566,6.407201746,6.51705253,6.604595402,5.534844566,2,5.94,doctrine,0.588012754596604,4.89
387,388,eltshia,0.567996062,6.683214698,5.103904827,5.744769263,6.42440595,6.467543709,6.683214698,5.744769263,3,5.855,fuchsia,0.569172001821515,5.14
388,389,elurb,0.459805033,7.790016823,5.039342009,5.43025873,7.562924307,7.631231172,7.790016823,5.43025873,2,4.649,recipe,0.557634865363094,6.85
389,390,emfess,0.509314912,7.004019047,5.076914085,5.205685287,6.871415444,6.861768051,7.004019047,5.205685287,2,4.0775,linebacker,0.558866608817691,5.42
390,391,emild,0.63179108,6.82121858,5.041315103,5.127279105,6.841048401,6.810081241,6.82121858,5.127279105,1,5.9,incredible,0.499982884473429,7.59
391,392,emperk,0.630492317,6.485646208,5.19541266,5.171203105,6.375962812,6.430411949,6.485646208,5.171203105,2,5.51714285714286,impact,0.534108889378106,5.76
392,393,enscenged,0.459116281,6.248612802,4.982444315,5.22347236,6.030825629,6.03720929,6.248612802,5.22347236,3,6.42,running,0.554333512729005,6.53
393,394,envogs,0.47914887,6.925656621,5.145017133,6.02923421,6.412451091,6.471456032,6.925656621,6.02923421,2,4.21,envoy,0.538132164102175,4.9
394,395,envone,0.572061604,6.609608927,5.371258453,5.610155767,6.390072709,6.551044743,6.609608927,5.610155767,2,5.5825,ambassador,0.519682813613404,5.5
395,396,enzui,0.488134446,5.961852172,5.256584599,4.777805696,5.51198364,5.692574036,5.961852172,4.777805696,1,4.13,headlock,0.63167139951583,3.6
396,397,erar,0.534278647,8.337295028,5.177639984,5.456066779,8.515471176,8.424441423,8.337295028,5.456066779,1,4.8525,bedroom,0.583169182878865,7.0
397,398,erfig,0.478420454,8.098890294,5.125042223,5.596396331,7.931632557,7.975092911,8.098890294,5.596396331,2,4.43,nincompoop,0.597450573824956,5.0
398,399,erfy,0.589415796,8.21112529,5.181756791,6.014978989,7.674610489,7.769660504,8.21112529,6.014978989,2,5.150625,froggy,0.611544968147292,5.71
399,400,erhess,0.547015437,7.991372731,5.018878611,4.991521439,8.111415516,7.974439134,7.991372731,4.991521439,2,5.544,multiple,0.575661421090222,5.0
400,401,erids,0.569450193,6.336507508,4.866076626,5.210035961,6.292379274,6.276632795,6.336507508,5.210035961,2,5.50272727272727,corresponding,0.597338143672372,5.1
401,402,ermby,0.620846882,6.345508267,5.124452028,5.182250464,6.325777707,6.33369895,6.345508267,5.182250464,2,5.72,severe,0.569210171669923,3.21
402,403,eroves,0.52044262,5.839653485,5.222136681,5.210717637,5.761788958,5.8831796,5.839653485,5.210717637,2,4.87,improve,0.488977131783998,6.14
403,404,errords,0.376221994,4.907373563,4.811001186,4.510683147,5.053035174,5.000528496,4.907373563,4.510683147,2,3.36,error,0.525325729352938,3.36
404,405,erual,0.406521157,7.810614963,5.143431416,5.403583609,7.859432566,7.792940369,7.810614963,5.403583609,1,6.47,skirt,0.54932362419509,6.14
405,406,escharked,0.440581819,5.634015393,4.87418167,5.099261415,5.774627755,5.74434469,5.634015393,5.099261415,3,4.815,goner,0.535323858140461,2.91
406,407,esfess,0.586687763,7.79624678,4.956499426,5.218219546,7.669671375,7.592090942,7.79624678,5.218219546,2,4.56666666666667,realize,0.566867669867889,6.44
407,408,esjume,0.53017111,7.935343709,5.052021514,6.82021091,6.577171404,6.60575265,7.506774094,4.933381583,2,4.41666666666667,erectile,0.640308218567631,4.5
408,409,eslood,0.490401239,5.758767653,5.029347595,4.894764147,5.920483062,5.920703476,5.758767653,4.894764147,2,3.12,sailboat,0.602860346799285,6.81
409,410,estherse,0.521635465,6.31001233,5.056501615,5.407229803,6.207726151,6.177830125,6.31001233,5.407229803,3,5.42,life,0.540285402756585,6.68
410,411,estism,0.56306089,6.31871634,4.96630111,5.008217325,6.335474747,6.301138151,6.31871634,5.008217325,2,4.79,hatred,0.534195224924339,2.38
411,412,etige,0.557112208,7.82098519,5.235468395,5.416722354,7.995091265,7.972112055,7.82098519,5.416722354,2,5.37866666666667,religion,0.549134863747727,5.42
412,413,etirt,0.463722418,7.994723438,5.115690903,5.790453527,7.996883459,7.954307674,7.994723438,5.790453527,2,5.2075,son,0.576830321785583,6.91
413,414,evede,0.519928711,6.918608035,5.229993252,5.197416242,6.868651324,6.942672972,6.918608035,5.197416242,1,4.55,likely,0.488337227908166,6.9
414,415,ewaw,0.536052603,8.668993432,5.315040803,5.470506874,8.710841501,8.838456139,8.668993432,5.470506874,2,4.8562962962963,pussy,0.714052584549874,4.48
415,416,ewoche,0.552294319,5.819957186,5.349875701,5.671388282,5.78060193,5.928970945,5.819957186,5.671388282,3,5.16857142857143,mini,0.566270690578737,5.86
416,417,exbrafes,0.356862954,7.255934811,5.022591054,6.534392022,5.729449206,5.908662878,6.160268764,5.470422291,3,7.0,embodiment,0.633099269666134,5.72
417,418,exbrarb,0.36993564,8.617950399,4.955745585,6.326281693,7.378799802,7.399898612,7.522284352,5.262311962,3,6.152,skirt,0.635611794680859,6.14
418,419,exfanks,0.379626978,8.421343137,4.989244593,6.638962767,6.730178535,6.905026971,7.579407069,5.572380484,3,6.54,viola,0.60575663948866,6.2
419,420,exfirt,0.458364327,8.603731954,5.056104823,6.723076279,7.274258261,7.381088501,7.761795886,5.656493996,2,5.13375,configuration,0.565260398474115,4.58
420,421,exfis,0.499079036,7.671552153,5.02891536,6.147426435,6.391963372,6.537936051,6.829616085,5.080844153,2,5.14666666666667,deployment,0.570026632980323,3.32
421,422,exfo,0.452940931,7.124679488,5.212584154,6.569237058,5.922303478,6.128219252,6.28274342,5.502654776,1,6.26,sync,0.546396232592337,6.21
422,423,exgise,0.398856257,8.412309558,5.068659621,6.56371648,7.208152008,7.363114122,7.333484338,5.166047064,2,4.90142857142857,cockeyed,0.615644680352856,3.95
423,424,exnal,0.343784445,6.905661865,5.194829183,6.35588242,5.680003905,5.817071113,5.806628232,4.981500576,2,5.00636363636364,biological,0.580212058429596,6.57
424,425,exnouse,0.368402798,7.771205329,5.073899693,6.522334138,6.394206852,6.512286065,6.672171696,5.147952294,2,4.33,handler,0.601431758392625,4.86
425,426,expia,0.591969395,7.593416711,5.192504335,5.072738189,7.795286622,7.919563409,7.593416711,5.072738189,2,5.35,solve,0.480344871300885,6.3
426,427,extrurt,0.358948374,4.942119494,4.903314652,4.736874268,4.836610529,4.925549001,4.942119494,4.736874268,2,4.88666666666667,viola,0.569952331759805,6.2
427,428,fabler,0.671674668,6.263671038,5.147882274,5.096213001,6.208942874,6.282271733,6.263671038,5.096213001,1,5.77,type,0.516968748733527,6.06
428,429,fafled,0.527900892,5.966343226,5.063906465,5.472468422,5.5610491,5.751460745,5.966343226,5.472468422,1,5.79,obsessed,0.560688429852648,4.86
429,430,falm,0.566330642,8.58354832,5.20318187,4.97761125,9.34821224,9.089748628,8.58354832,4.97761125,1,5.93666666666667,fall,0.497753178631966,3.89
430,431,faloor,0.646460193,7.343231746,5.23752804,5.275027826,7.372762317,7.479723207,7.343231746,5.275027826,1,5.14,floor,0.596355566971202,5.14
431,432,famps,0.498956846,5.651213477,5.080372929,4.491253678,5.710267171,5.851801679,5.651213477,4.491253678,2,5.25333333333333,hatred,0.620582726663782,2.38
432,433,fandede,0.556461564,6.349231637,4.940350329,5.089010965,6.400054618,6.436012903,6.349231637,5.089010965,3,5.21730769230769,manifestation,0.557450655571786,4.38
433,434,fanely,0.644911934,6.586760509,5.254721242,5.049906103,6.574005858,6.763697443,6.586760509,5.049906103,2,5.65,fan,0.527998972102247,6.81
434,435,fangeer,0.447083619,7.172880713,5.232480968,5.149925788,7.233637064,7.295998919,7.172880713,5.149925788,2,4.43714285714286,support,0.510394830232795,6.89
435,436,fawis,0.576200511,4.893901959,5.080368356,4.726028704,5.048992283,5.214485659,4.893901959,4.726028704,2,5.37857142857143,petrified,0.529621189597695,3.37
436,437,feading,0.583233493,5.381559413,5.002795118,4.78894323,5.483827143,5.528179675,5.381559413,4.78894323,2,5.56666666666667,running,0.466998131947671,6.53
437,438,feartings,0.361524541,4.984545004,4.986475698,5.512635227,4.677046685,4.707575051,4.984545004,5.512635227,2,5.70666666666667,fear,0.541583546079339,2.93
438,439,febs,0.562951371,7.224593228,5.055595021,5.001068827,7.13964182,7.057413631,7.224593228,5.001068827,1,3.57,day,0.533700227792381,6.36
439,440,febser,0.485926683,6.776521024,5.069899318,5.089981767,6.655070195,6.62274673,6.776521024,5.089981767,2,4.69,beginning,0.576257820647889,6.39
440,441,fedee,0.677347529,8.661992902,5.194338469,5.28374839,8.572542875,8.553240099,8.661992902,5.28374839,2,5.199,biochemistry,0.563017022998467,5.48
441,442,fedlones,0.449073173,4.979299925,5.026747562,4.330513431,5.151643545,5.195283328,4.979299925,4.330513431,3,3.82666666666667,throes,0.58031841863719,4.5
442,443,feechings,0.509133415,5.594207474,5.079324816,5.97233775,5.04893067,5.130928854,5.594207474,5.97233775,3,4.92666666666667,fee,0.52668973710359,2.86
443,444,feetbrates,0.483002119,6.105635208,5.105715337,4.887098284,6.094732208,6.159131367,6.105635208,4.887098284,4,6.15,reprieve,0.573956009193392,4.95
444,445,feightel,0.473263035,6.28909986,5.203194304,5.308764673,6.073578967,6.17007419,6.28909986,5.308764673,2,4.29333333333333,reduce,0.552306019371526,5.1
445,446,felks,0.528289376,7.787325039,5.048110351,6.199704169,7.046921691,7.118657764,7.787325039,6.199704169,2,4.12,people,0.529495598795146,5.7
446,447,fempa,0.56570154,7.810762858,5.274703089,4.882408323,7.871030247,7.942860016,7.810762858,4.882408323,2,5.188,girl,0.547431089511491,7.15
447,448,ferban,0.516836949,7.396812287,5.136324779,5.05887318,7.296311088,7.34468249,7.396812287,5.05887318,2,5.426,engage,0.543394467428812,6.6
448,449,festags,0.475044058,5.645690155,4.955614066,5.043418943,5.386827282,5.390818816,5.645690155,5.043418943,3,5.226,duplicate,0.542535467128989,4.7
449,450,fething,0.454207854,5.634721021,5.118614144,5.340327144,5.386495052,5.437371932,5.634721021,5.340327144,2,5.55,thing,0.464885669500718,5.55
450,451,fibhin,0.455084329,8.005510746,5.04158217,7.024572872,7.107536977,6.947153399,8.005510746,7.024572872,2,7.05,priest,0.590688379832168,4.5
451,452,fibire,0.605085191,5.419705702,5.085633252,5.751994353,5.175464779,5.172445042,5.419705702,5.751994353,2,5.1275,ligament,0.527990883104334,4.19
452,453,fibsted,0.471715036,5.506468748,4.804813805,5.160476405,5.48515846,5.42993438,5.506468748,5.160476405,2,6.6,lie,0.553984595682907,2.39
453,454,fidst,0.533296346,7.911329215,4.802287867,5.014996989,8.130923474,7.997536069,7.911329215,5.014996989,1,5.17666666666667,solve,0.530544958995947,6.3
454,455,fiffy,0.744646791,6.611080006,5.123007448,5.343369553,6.399558376,6.428934744,6.611080006,5.343369553,1,4.88,silly,0.466154996816334,6.72
455,456,filarm,0.466753135,5.714010439,5.128188054,5.010299348,5.704319278,5.74441272,5.714010439,5.010299348,2,5.07857142857143,different,0.475852852929951,5.91
456,457,fimigged,0.35136177,5.526087875,4.920122998,4.633337659,5.651059352,5.678925254,5.526087875,4.633337659,3,3.68,petrified,0.5385084456605,3.37
457,458,fivna,0.529325164,7.527910602,5.197811747,6.941413746,6.64823639,6.750266814,6.428876969,5.567031902,2,5.234,prima,0.589120693263637,4.6
458,459,fixfeen,0.628409707,8.354280557,5.193708675,6.715466967,6.840754828,7.000279264,7.512344489,5.648884685,2,5.62,fix,0.46962548045629,6.11
459,460,flackouns,0.343070628,5.18230391,4.923877623,4.573710259,5.049368848,5.096324101,5.18230391,4.573710259,3,3.73,criticism,0.545640691246886,3.84
460,461,flacmate,0.456284885,8.050962065,5.247993392,6.678644374,6.931629772,7.043521819,7.146232138,5.530280234,2,7.3,fuchsia,0.606789216393227,5.14
461,462,flandbons,0.462222834,5.823174279,4.828346135,4.998166236,5.795758559,5.807628334,5.823174279,4.998166236,4,5.03375,benefit,0.574081186049959,6.87
462,463,flandron,0.538167308,6.619574396,4.961431989,5.47851553,6.338677597,6.32128663,6.619574396,5.47851553,3,4.80666666666667,aquamarine,0.533871442494138,6.4
463,464,flapgred,0.530818534,7.904740311,4.966513692,7.604551585,6.238925439,6.21746985,7.904740311,7.604551585,3,4.978,purple,0.55405122120625,5.6
464,465,fleminned,0.450680885,5.217009286,5.069348877,5.136738871,5.153764127,5.265689951,5.217009286,5.136738871,3,7.33,trouble,0.535128556902361,2.87
465,466,flishen,0.599294005,6.159653869,5.076174965,5.030892313,6.111938122,6.162410139,6.159653869,5.030892313,2,6.65666666666667,trouble,0.502383591258751,2.87
466,467,fliy,0.654306293,8.1808973,5.147282496,6.449279048,7.765054854,7.786944446,8.1808973,6.449279048,1,5.83,suppose,0.47802281719974,5.27
467,468,floakly,0.534689708,7.987982019,5.165255076,5.472075929,7.702633925,7.896015672,7.987982019,5.472075929,2,3.58,remaining,0.636462126652309,5.2
468,469,floal,0.726993991,8.114058134,5.246266006,5.243009094,8.299177455,8.408357915,8.114058134,5.243009094,1,6.92,come,0.560779970756352,5.64
469,470,flofost,0.513870333,7.230871657,5.091861774,5.202365198,7.184313109,7.224598987,7.230871657,5.202365198,2,6.55,alternate,0.52292149630604,5.15
470,471,flooners,0.707847901,5.20913871,5.140198486,5.080264154,5.045538393,5.105584628,5.20913871,5.080264154,2,6.26,viola,0.538827370674574,6.2
471,472,floovers,0.716738798,5.087144803,5.177220515,5.127552415,4.980663411,5.107887971,5.087144803,5.127552415,2,6.26,boyfriend,0.571117694407003,7.06
472,473,flowesh,0.757600791,6.40634555,5.16397035,5.16695276,6.472655907,6.575005808,6.40634555,5.16695276,2,6.65666666666667,matching,0.504200861578594,6.3
473,474,fludging,0.435590202,5.480347605,4.755889631,5.265070143,5.226813923,5.234174363,5.480347605,5.265070143,3,5.426,treatment,0.524605804205592,5.0
474,475,flukdides,0.347467625,3.819457932,4.544590304,3.106709369,5.219709489,5.160599486,3.819457932,3.106709369,4,4.96,duplicate,0.539675867796727,4.7
475,476,fluzz,0.667353716,7.580773932,5.313170509,5.585264977,7.533937996,7.554680397,7.580773932,5.585264977,1,4.64,trouble,0.493257054007129,2.87
476,477,foadeyes,0.452363024,5.859518902,5.072762756,4.728109658,5.992832126,6.076601256,5.859518902,4.728109658,4,4.98217391304348,eyes,0.577221508382515,6.57
477,478,foffrays,0.573488752,4.859783016,5.038935562,5.214286715,4.641070201,4.822992213,4.859783016,5.214286715,4,5.0925,chickenpox,0.684702893875998,2.76
478,479,foluy,0.51501157,6.640939976,5.120611409,6.540068425,5.931609279,5.976869601,6.640939976,6.540068425,1,4.11,lie,0.568008705281132,2.39
479,480,fordeats,0.517474407,4.321881032,4.912546142,5.035816383,4.248579394,4.282004882,4.321881032,5.035816383,3,4.77444444444444,viola,0.528173645725862,6.2
480,481,forepape,0.412452404,6.380216191,5.330590075,5.101031407,6.491852945,6.63937794,6.380216191,5.101031407,3,5.26,cornerstone,0.570601028880072,5.9
481,482,forhol,0.402182391,7.167176591,5.189640622,4.888489061,7.266090248,7.307467534,7.167176591,4.888489061,2,4.76,relation,0.542716559006833,5.84
482,483,forklypt,0.507739944,6.179918083,5.036042918,5.006973879,6.152255701,6.231450354,6.179918083,5.006973879,2,4.74,killer,0.530855333965015,1.74
483,484,forual,0.605739937,7.299811448,5.102409802,5.160503185,7.382124542,7.405922938,7.299811448,5.160503185,1,5.37,solution,0.555346112016689,6.3
484,485,fosed,0.579163328,3.910992547,4.973071495,4.868435162,4.046841697,4.033387269,3.910992547,4.868435162,2,5.4136,overgrown,0.561586349681602,3.29
485,486,fosels,0.625088745,3.733022092,5.046975555,4.421095004,4.131958809,4.204418982,3.733022092,4.421095004,2,3.25,slutty,0.592934916547256,3.5
486,487,fosetuls,0.496170657,3.525626247,4.922543507,4.454990632,3.934825543,3.94506395,3.525626247,4.454990632,3,4.74,aorta,0.593870400873182,4.35
487,488,foustered,0.344894379,5.812666416,4.862943743,5.208586195,5.897138434,5.838270968,5.812666416,5.208586195,3,5.87,inverted,0.525951007155085,4.91
488,489,fowntuls,0.405896681,4.232321221,4.96535833,4.826680491,4.39674376,4.530694845,4.232321221,4.826680491,4,5.20238095238095,width,0.601054484678176,5.43
489,490,fralode,0.468171886,5.279627811,5.065358747,5.269527156,5.253286487,5.277877115,5.279627811,5.269527156,3,4.834,impact,0.534889159771087,5.76
490,491,frar,0.531553203,7.775861787,5.090532519,5.226462265,8.082185335,7.904344264,7.775861787,5.226462265,1,4.17,infrared,0.544948790026692,4.39
491,492,frarbed,0.42827779,7.36366423,4.893952349,5.321069285,7.249169549,7.153411087,7.36366423,5.321069285,2,4.22,mix,0.553563679321259,5.71
492,493,frarm,0.648490422,8.034461999,5.089639683,5.104415825,8.208203456,8.111595137,8.034461999,5.104415825,1,6.22,magnesium,0.584972528183175,4.95
493,494,frarthy,0.525804,6.136983847,5.033914033,5.075448145,6.259499816,6.288651977,6.136983847,5.075448145,2,6.5,type,0.538981078992571,6.06
494,495,freapt,0.544222073,5.90063429,5.181477893,5.429290275,5.72695768,5.865812252,5.90063429,5.429290275,2,5.54,suffer,0.61462559402748,2.05
495,496,freardly,0.409446904,5.170830732,4.953630442,4.771728066,5.313775675,5.402820775,5.170830732,4.771728066,3,4.83375,pretty,0.64222000161346,7.7
496,497,freazy,0.518765307,6.025958451,5.331209905,5.105052092,6.030056933,6.160671195,6.025958451,5.105052092,1,4.23,mad,0.472379493073789,2.47
497,498,fubbar,0.524965215,4.169483798,4.919225046,4.727128167,4.426238526,4.471832034,4.169483798,4.727128167,2,4.42,jeopardy,0.62889260358481,3.84
498,499,fugcar,0.411702355,7.694969498,4.986451136,6.318343514,6.917500835,6.915979393,6.651372249,4.902606552,2,6.56,killer,0.590317033647604,1.74
499,500,fukeer,0.268124885,4.764474889,5.098584308,4.448914042,5.247016581,5.299678724,4.764474889,4.448914042,2,3.67333333333333,pussy,0.620348908361812,4.48
500,501,funts,0.435828698,5.973004404,4.913184989,5.210329516,5.953726776,6.032682725,5.973004404,5.210329516,2,5.13357142857143,function,0.500490150559288,5.55
501,502,furgud,0.443368721,4.627531197,4.691124126,4.277492034,4.752493603,4.723929784,4.627531197,4.277492034,2,2.42,bad,0.536533064634655,3.24
502,503,furnpiled,0.398153276,6.274206768,4.859524338,4.294650275,6.663904061,6.705571102,6.274206768,4.294650275,3,4.89,flooring,0.583824771627516,5.32
503,504,gafed,0.427684767,6.926927666,5.034522612,5.381095422,6.561574221,6.630490561,6.926927666,5.381095422,2,5.373125,shining,0.554213785505009,5.84
504,505,gagtres,0.316638227,5.487215887,4.984924786,5.631315938,5.061490645,5.148489715,5.487215887,5.631315938,3,5.37923076923077,detriment,0.574569728941451,3.67
505,506,galp,0.446932474,7.679732222,5.165400302,5.234830741,7.775208901,7.715696108,7.679732222,5.234830741,1,4.97333333333333,coast,0.56233142066674,5.9
506,507,gansest,0.410403328,5.962824164,4.95424682,5.105303442,6.062325701,6.028839279,5.962824164,5.105303442,3,5.13685714285714,particular,0.534285252660537,5.05
507,508,gapet,0.558707427,6.887900364,5.206917857,5.208788421,6.977094011,6.93145799,6.887900364,5.208788421,2,5.3876,duplicate,0.52718250652308,4.7
508,509,garples,0.471063365,5.86422378,5.058397103,4.885952052,6.033386348,6.129380849,5.86422378,4.885952052,2,4.55,concur,0.544702927552387,6.0
509,510,garsons,0.553042343,5.237347687,4.903991299,4.97666386,5.269702684,5.254992995,5.237347687,4.97666386,2,2.26,adjacent,0.519746388795947,5.15
510,511,gashbooms,0.36008641,5.026006952,4.938563264,5.359756789,4.950498026,4.915367541,5.026006952,5.359756789,3,4.9,viola,0.540625567492388,6.2
511,512,gearl,0.578726276,6.688933215,5.185100597,5.399057327,6.945771851,6.940029047,6.688933215,5.399057327,1,5.46333333333333,adjacent,0.51891342593631,5.15
512,513,ghactist,0.317619918,6.351590514,4.925609685,4.871564554,6.381534178,6.302285242,6.351590514,4.871564554,3,4.405,viola,0.571552723981125,6.2
513,514,ghyps,0.490581009,3.793709565,4.993175857,3.875464305,3.79881408,4.049729253,3.793709565,3.875464305,2,5.41,chickenpox,0.680861450836884,2.76
514,515,gify,0.639550758,7.957108709,5.103813843,5.86310469,7.826707663,7.709023104,7.957108709,5.86310469,1,7.27,object,0.514518154207265,5.52
515,516,gign,0.517186928,7.409234434,5.062007475,5.5998344,7.322867234,7.24602016,7.409234434,5.5998344,1,5.85666666666667,meal,0.479982226233964,7.05
516,517,gimskand,0.385773739,5.210285217,4.747570075,5.41642501,5.216082258,5.125589178,5.210285217,5.41642501,3,5.59,improvisation,0.597983173634091,5.52
517,518,ginnies,0.691455734,5.588871617,5.029358358,5.668853693,5.604012819,5.617895122,5.588871617,5.668853693,3,5.67411764705882,opposite,0.547247704359815,4.77
518,519,girm,0.326804279,7.498205015,5.065211521,5.530721948,7.520002212,7.491332181,7.498205015,5.530721948,1,4.355,avoid,0.519608077668072,4.1
519,520,gisc,0.510330262,8.684282522,4.97711107,5.133190099,8.961940676,8.757023412,8.684282522,5.133190099,1,5.4,gist,0.531721133832943,5.2
520,521,gisk,0.538241353,8.128763611,4.929428385,5.432269384,8.367735294,8.154046304,8.128763611,5.432269384,1,5.20333333333333,gist,0.501063030427938,5.2
521,522,gixgaws,0.466416513,7.381293959,4.918825803,6.393929505,6.415246383,6.527198803,6.302468739,4.99626009,4,5.06619047619048,duplicate,0.616282100647883,4.7
522,523,glanny,0.625827996,5.988647369,5.132968125,5.407076506,6.170092828,6.257219537,5.988647369,5.407076506,1,5.71,critical,0.533677872833952,3.95
523,524,glelve,0.484554542,7.146426704,5.300924384,5.809903464,6.854348742,6.983047686,7.146426704,5.809903464,2,5.802,deduce,0.54389484460558,5.29
524,525,glirehouse,0.626450935,5.948785364,5.029706368,5.432256807,5.722526282,5.698364572,5.948785364,5.432256807,2,5.16,benefit,0.569078409276691,6.87
525,526,gloaks,0.507357073,7.338091409,5.021487811,5.7238458,6.89667724,6.924798641,7.338091409,5.7238458,2,5.262,recognize,0.557036295420011,6.14
526,527,gnopi,0.562688135,7.570088238,5.150060533,5.512988773,7.774347401,7.644513617,7.570088238,5.512988773,2,4.8,aquamarine,0.527772597789986,6.4
527,528,gnort,0.349895993,7.586098349,5.077613947,5.604322168,7.655319919,7.466333698,7.586098349,5.604322168,1,4.55,outskirts,0.559250713560835,5.0
528,529,gnud,0.516024274,7.877413955,4.837507635,5.342696758,7.915125428,7.83189605,7.877413955,5.342696758,2,4.96285714285714,embodiment,0.605539023247343,5.72
529,530,goep,0.519140151,8.393598322,5.254810693,4.96008074,8.641866393,8.547907809,8.393598322,4.96008074,1,4.21,go,0.51148163366632,6.32
530,531,gomben,0.486656398,7.514082234,5.173365082,5.213176343,7.647304842,7.671290507,7.514082234,5.213176343,2,5.1225,kimono,0.575769506965383,5.9
531,532,gomsat,0.4669899,6.661379266,5.063176712,5.034518654,6.770211942,6.761177999,6.661379266,5.034518654,2,4.47,cockeyed,0.564539055330228,3.95
532,533,goontier,0.4932037,5.657645821,5.180447018,5.509409001,5.635860339,5.632266951,5.657645821,5.509409001,2,6.53,powerhouse,0.515299564968391,5.3
533,534,gouilhalls,0.424924078,4.12655449,4.968182981,4.117323674,4.723479768,4.768597607,4.12655449,4.117323674,5,4.83666666666667,bollocks,0.59109189973631,4.68
534,535,grager,0.49880352,5.576739709,5.082913574,4.758888126,5.744520869,5.750418918,5.576739709,4.758888126,1,5.26,opposition,0.548291367901748,3.21
535,536,grelles,0.45878776,4.5580967,5.0993285,5.2080187,4.3917413,4.4456291,4.5580967,5.2080187,2,6.67,nasty,0.535536208309365,2.95
536,537,grempes,0.347112436,4.2917887,5.1008288,4.7667619,4.1950084,4.2180346,4.2917887,4.7667619,3,4.555,viola,0.535670407871268,6.2
537,538,grendness,0.578497055,4.38674,4.7557999,4.4623883,4.6998965,4.6024208,4.38674,4.4623883,2,7.76,violence,0.568348818581554,2.71
538,539,gricking,0.386787558,5.2848779,4.8865227,4.6408647,5.4428258,5.4230586,5.2848779,4.6408647,2,2.9,running,0.507324885393324,6.53
539,540,grinva,0.558070479,4.1678464,5.105815,5.3173627,4.1138145,4.1425,4.1678464,5.3173627,2,5.054,killer,0.569903865307782,1.74
540,541,groanfuls,0.20213346,4.4686406,4.9182871,3.7123221,5.2037006,5.2615542,4.4686406,3.7123221,4,4.889,gasp,0.528855535584793,4.5
541,542,groilstone,0.24947686,4.5778447,5.055245,3.982226,5.287959,5.2238469,4.5778447,3.982226,3,4.18333333333333,peninsula,0.544844457126858,5.95
542,543,groosted,0.450602982,5.4426293,4.8917609,4.9617369,5.6239898,5.5331877,5.4426293,4.9617369,2,5.91,broken,0.556383247956745,2.75
543,544,gropness,0.328644663,5.2670568,4.9380253,4.7411294,5.6328555,5.575334,5.2670568,4.7411294,2,7.38,destruction,0.524821640010072,2.53
544,545,groultes,0.364324867,5.4351332,4.9518542,4.7375839,5.5988982,5.6119615,5.4351332,4.7375839,3,4.53,rhinoceros,0.610929711057503,6.0
545,546,guddre,0.456291115,7.1957815,4.6681579,5.4497271,6.8012661,6.6797775,7.1957815,5.4497271,2,5.37166666666667,awesome,0.583419767564068,7.86
546,547,gurb,0.469501128,8.0123057,4.9228507,4.7973178,8.0026871,7.819444,8.0123057,4.7973178,1,4.85666666666667,relate,0.530539666911763,6.05
547,548,guyber,0.535946592,8.1615045,4.9889493,6.9388622,7.2658979,7.2944195,8.1615045,6.9388622,2,5.03375,guy,0.501368510731492,6.55
548,549,gypgrip,0.428638791,8.4608087,5.0010251,7.1585804,6.6921601,6.6706012,8.4608087,7.1585804,3,5.14,support,0.527885516825827,6.89
549,550,gypgup,0.479785659,8.00062,4.9869865,6.9249839,6.0584365,6.1299012,8.00062,6.9249839,3,6.32,renegade,0.591931400197588,4.53
550,551,habbled,0.485196694,5.6380935,4.9367879,4.6724338,5.6747995,5.6920146,5.6380935,4.6724338,2,4.918,inspired,0.497760986888391,6.89
551,552,hact,0.476149055,8.3979375,5.1459555,4.9064373,8.6436058,8.5180509,8.3979375,4.9064373,1,5.23428571428571,run,0.502374920464091,6.41
552,553,hastuck,0.469498903,5.6757976,4.8615288,4.858881,5.8907802,5.8854082,5.6757976,4.858881,2,5.86,stay,0.534439923980426,6.14
553,554,haxli,0.598607126,4.7526532,5.1066884,4.5837454,5.1207981,5.1994556,4.7526532,4.5837454,2,5.16571428571429,java,0.593670435095855,5.9
554,555,hedly,0.599053459,7.8652291,5.0372646,4.595927,8.1066176,8.201967,7.8652291,4.595927,2,5.235,way,0.567832928319255,5.91
555,556,hicies,0.519368391,5.1122919,5.0669268,5.1246373,5.2074409,5.2627682,5.1122919,5.1246373,2,6.12,principles,0.579757906172027,5.45
556,557,hictades,0.365507671,4.3208456,4.8822891,4.8438981,4.1932262,4.1677049,4.3208456,4.8438981,3,5.74333333333333,beige,0.640263750836005,5.26
557,558,hijoned,0.535684997,4.3781103,4.9911891,4.1493786,5.2764914,5.2018903,4.3781103,4.1493786,3,4.928,trouble,0.567663922053302,2.87
558,559,hildby,0.550826884,7.8137327,4.8774697,5.1270959,7.8478644,7.7561172,7.8137327,5.1270959,2,5.7,outskirts,0.598207726821471,5.0
559,560,hirries,0.597656458,5.800245,4.9758942,5.0560385,5.8610592,5.8706125,5.800245,5.0560385,3,4.88,incoming,0.554396363377731,5.62
560,561,hiser,0.511776711,6.9459585,5.050888,5.1763026,7.0105607,6.9781343,6.9459585,5.1763026,1,3.45,manufacturer,0.541445536149578,4.0
561,562,hodgier,0.435056286,5.6820649,4.971812,5.4277343,5.7799876,5.6626188,5.6820649,5.4277343,2,4.7,myriad,0.524488567015569,5.52
562,563,hoeser,0.516845223,5.5655698,5.186272,5.089669,5.2020126,5.222632,5.5655698,5.089669,2,4.86545454545455,multiple,0.545138349273186,5.0
563,564,holchoun,0.483507906,4.7658943,5.1172605,4.3727467,5.074638,5.0479489,4.7658943,4.3727467,3,5.0,mini,0.562086252599992,5.86
564,565,homlead,0.662614501,7.2448607,5.1229743,6.0477817,6.4801862,6.5188972,7.2448607,6.0477817,2,4.63,adjoining,0.543472012533266,5.06
565,566,homptes,0.402279579,5.5657045,5.1302792,4.9884808,5.3415483,5.4437029,5.5657045,4.9884808,2,6.37,correspond,0.6226668638428,5.75
566,567,honch,0.525992929,7.3215097,5.1641015,4.9954172,7.5707226,7.6063756,7.3215097,4.9954172,1,4.985,honcho,0.511129204370212,5.0
567,568,hoober,0.627474293,6.3545825,5.2101459,4.9447799,6.4918259,6.4829944,6.3545825,4.9447799,1,4.73666666666667,brunette,0.563428658263561,6.35
568,569,horfy,0.452874848,7.4110889,5.1405252,5.6427243,7.1875618,7.2016773,7.4110889,5.6427243,1,6.84,dog,0.548819157803398,7.0
569,570,hortuds,0.399461373,5.1886389,4.7166885,5.0090635,5.3604237,5.2703757,5.1886389,5.0090635,3,5.027,adjacent,0.614296043572585,5.15
570,571,hosetuls,0.415015707,4.6075189,4.9223336,4.3258164,5.0246637,4.9906964,4.6075189,4.3258164,3,5.1225,adjoining,0.573038357392222,5.06
571,572,houthwills,0.534710317,5.6788865,4.9461357,5.1633084,5.5283872,5.5851756,5.6788865,5.1633084,5,5.43857142857143,subsequent,0.622557689957581,5.16
572,573,howlpifts,0.3691894,5.7378546,5.0338766,4.9551733,5.4375787,5.4866316,5.7378546,4.9551733,4,2.68,howl,0.535957009305466,5.29
573,574,hownab,0.526482283,6.7872935,5.1778784,4.8949153,6.7914111,6.925253,6.7872935,4.8949153,3,5.10045454545455,wanton,0.629675116031002,5.24
574,575,hufa,0.588936993,8.7271565,5.1046421,5.0490092,8.8796189,8.7775055,8.7271565,5.0490092,1,4.4,mini,0.565080823060076,5.86
575,576,hufo,0.539552159,8.1293438,5.1171353,5.2389283,8.27521,8.1175096,8.1293438,5.2389283,1,4.4,homemade,0.56893602387249,7.38
576,577,hufy,0.494280027,8.2257052,5.0641254,5.3837241,8.1301583,8.0348021,8.2257052,5.3837241,1,4.32,subcommittee,0.577007812806318,5.1
577,578,hugey,0.667162781,6.9409602,5.1038696,4.9832964,7.1608698,7.1158336,6.9409602,4.9832964,1,5.72,terrific,0.465880888344651,7.12
578,579,hukes,0.400019837,6.1416231,4.9627626,4.1069255,6.7267042,6.6989169,6.1416231,4.1069255,2,4.85333333333333,pterodactyl,0.593933237746466,5.71
579,580,humpiers,0.455255885,5.0901998,4.9555668,4.6211392,5.0274009,5.0651189,5.0901998,4.6211392,3,4.915,unorthodox,0.522594693986082,5.38
580,581,hutby,0.59717712,7.2427831,4.9723138,4.4761566,7.551134,7.5707499,7.2427831,4.4761566,1,5.62,docket,0.604030199991404,4.53
581,582,hutip,0.607117008,8.212935,5.0280631,5.1277041,8.1597849,8.1338007,8.212935,5.1277041,2,5.79714285714286,hotel,0.527265994468392,6.6
582,583,hygcup,0.546353435,8.5675494,4.9990468,7.2749788,6.73587,6.7813299,7.5239521,5.8592419,2,4.5,cup,0.473571278273198,5.94
583,584,iass,0.56989715,6.7644823,4.9631636,4.3791754,6.9126466,6.7899222,6.7644823,4.3791754,1,5.396,kindergarten,0.554133681365976,6.62
584,585,ifry,0.55435453,6.3098987,5.0924587,4.9134984,6.4244598,6.3075719,6.3098987,4.9134984,1,4.88,mincemeat,0.544942423637753,4.05
585,586,igla,0.59195295,7.898579,5.1545209,4.6912627,8.4001248,8.2779523,7.898579,4.6912627,2,5.595,fiberglass,0.520304818644597,4.37
586,587,igly,0.389576485,8.1063281,5.1140041,4.5605474,8.5533051,8.4354534,8.1063281,4.5605474,1,2.47,snowman,0.562862958654527,7.0
587,588,ikieth,0.459168117,5.6794957,5.1051519,5.0326991,5.7693389,5.7881778,5.6794957,5.0326991,3,5.20619047619048,bro,0.627017277458516,5.32
588,589,illweme,0.517192029,4.3658618,5.3195314,4.3277521,4.7769491,4.9781832,4.3658618,4.3277521,3,1.95,beneficial,0.574629980446344,6.61
589,590,imblock,0.384858808,4.8161861,5.0424967,4.1376483,4.9200352,4.9554963,4.8161861,4.1376483,2,4.48,problem,0.501270111649673,3.52
590,591,imblodes,0.259511734,4.1496302,4.8955967,4.4410651,4.1721639,4.1940478,4.1496302,4.4410651,3,4.47,crisis,0.530377851154195,2.05
591,592,imbloles,0.423483388,4.288549,5.0908083,4.347735,4.424627,4.5327587,4.288549,4.347735,3,4.47,viola,0.568256199728942,6.2
592,593,imbott,0.489584405,3.9533382,5.0760829,4.5822771,3.9396836,3.9156034,3.9533382,4.5822771,2,5.28,problem,0.48993747527521,3.52
593,594,imboves,0.468103256,4.1879976,5.1201674,4.4822786,4.2799257,4.3623048,4.1879976,4.4822786,3,4.97833333333333,dilemma,0.505356402100865,4.24
594,595,imbropts,0.412357778,4.8921333,4.9260607,5.0780816,4.8640445,4.893054,4.8921333,5.0780816,3,4.68,decline,0.573510893692649,3.19
595,596,imbting,0.441184393,3.9223961,4.986306,3.9574805,4.4992187,4.4620037,3.9223961,3.9574805,2,5.855,improvement,0.447069886125619,6.53
596,597,imbuled,0.365937071,5.0301612,4.881786,4.5642828,4.9998805,5.0695174,5.0301612,4.5642828,3,5.13615384615385,available,0.52792248344744,6.86
597,598,imbyne,0.469404714,3.9888083,5.1514429,4.4636402,4.4880819,4.5636381,3.9888083,4.4636402,2,6.38,problem,0.49950246301157,3.52
598,599,immepped,0.391216586,5.4916271,5.1065475,4.6327597,5.5439124,5.6274803,5.4916271,4.6327597,3,5.48,lost,0.512753321401034,2.53
599,600,impails,0.224965195,4.4907286,5.0580123,3.9269933,4.6750893,4.7486733,4.4907286,3.9269933,2,3.26,ruin,0.520143374742352,2.32
600,601,inchained,0.297372545,5.3761559,4.9918167,4.638742,5.6734567,5.6662859,5.3761559,4.638742,2,4.95,inch,0.566332012020611,5.4
601,602,incyps,0.449504329,4.344691,4.9967021,3.6414418,4.5423708,4.5643905,4.344691,3.6414418,3,4.99444444444444,symptomatic,0.557971738350015,4.0
602,603,infeard,0.336713394,4.2388455,4.99144,4.0216586,4.5119795,4.5755106,4.2388455,4.0216586,2,4.44666666666667,fear,0.510639235167584,2.93
603,604,infeart,0.347040934,4.1463295,5.1551464,4.3359933,4.3047888,4.3694988,4.1463295,4.3359933,2,4.845,fear,0.529711023484825,2.93
604,605,infeme,0.454321423,4.7991836,5.2878016,4.2631927,5.016633,5.1818934,4.7991836,4.2631927,2,4.5625,pussy,0.562692863773095,4.48
605,606,ingills,0.5568269,4.2633992,4.9639986,4.2182894,4.382177,4.4633343,4.2633992,4.2182894,3,4.75,malarkey,0.606715864653273,4.45
606,607,injaps,0.460316289,4.1752831,4.9923706,3.7361673,4.5413418,4.5640708,4.1752831,3.7361673,3,4.40904761904762,killer,0.558965943906594,1.74
607,608,inmead,0.566893194,5.7293656,5.0633503,4.4654062,5.8372128,5.8576508,5.7293656,4.4654062,2,4.44666666666667,nursemaid,0.578295333038345,5.38
608,609,inquact,0.492560839,6.1740068,5.1241276,4.7408541,6.0983355,6.0444404,6.1740068,4.7408541,2,4.885,question,0.576094492780535,6.36
609,610,insimes,0.478317742,5.4318799,4.9699733,4.8958303,5.4382723,5.4664808,5.4318799,4.8958303,2,4.5,alternative,0.588198505551041,5.33
610,611,inswols,0.447787709,4.1816337,4.9662922,4.0948911,4.641998,4.6920649,4.1816337,4.0948911,3,4.285,pictures,0.556997881932493,7.22
611,612,invets,0.568770685,6.1258443,5.0946194,5.0745429,6.2673238,6.3152109,6.1258443,5.0745429,1,6.16,various,0.504141227948989,5.52
612,613,invont,0.45198212,6.6869033,5.173538,4.9704205,6.7112272,6.8027777,6.6869033,4.9704205,1,6.64,believe,0.555732755709583,7.05
613,614,irits,0.465034488,6.602999,4.940485,5.1164372,6.543738,6.4990277,6.602999,5.1164372,1,5.875,adjacent,0.512962465299187,5.15
614,615,isax,0.567078842,8.1545197,5.0035702,4.6629866,8.3522605,8.3059562,8.1545197,4.6629866,1,6.16,sax,0.596169398423325,6.16
615,616,ivosh,0.541342695,6.3530218,5.1042395,4.6806295,6.5686968,6.5029333,6.3530218,4.6806295,2,5.39,slip,0.610957799991738,4.33
616,617,jaloor,0.594046596,7.345937,5.1803604,5.3229757,7.2142727,7.2181307,7.345937,5.3229757,2,5.18,floor,0.593943239569565,5.14
617,618,japet,0.51635998,7.4822845,5.1830286,5.1230323,7.4390985,7.3939137,7.4822845,5.1230323,2,5.22529411764706,configuration,0.545537045815526,4.58
618,619,japgine,0.514574165,8.604743,5.1393375,7.9855559,6.6098053,6.6876041,8.604743,7.9855559,2,6.74,imagine,0.441280709298864,7.2
619,620,jarb,0.54545348,8.062215,5.0215865,5.0686099,8.0574264,7.8274184,8.062215,5.0686099,1,4.76,object,0.511676191350737,5.52
620,621,jasp,0.543897101,7.7987833,5.0240981,5.248148,7.8035865,7.6619717,7.7987833,5.248148,1,3.605,beef,0.551100777609792,6.11
621,622,jawk,0.503263679,8.2324267,5.0866968,4.9692106,7.8083238,7.6035692,8.2324267,4.9692106,1,5.09666666666667,picture,0.530078684146123,6.73
622,623,jayunct,0.51571266,7.0255095,4.9775892,5.1556813,6.2479967,6.2386754,7.0255095,5.1556813,3,5.018,aforementioned,0.58242749646911,5.21
623,624,jecrides,0.441890909,3.806641,4.8414427,4.0114074,4.2471472,4.2372637,3.806641,4.0114074,3,5.87,dislike,0.609774392274356,3.25
624,625,jelms,0.656787994,4.8914364,5.0641367,4.3733573,5.3289433,5.400877,4.8914364,4.3733573,2,5.0925,viola,0.548186055520074,6.2
625,626,jerdint,0.512751742,4.3699541,4.8652799,4.3622421,4.9179181,4.9395325,4.3699541,4.3622421,2,4.32,wont,0.550873396274417,4.09
626,627,jerlous,0.38503469,5.4873203,4.9633646,4.5761688,5.8475316,5.8182908,5.4873203,4.5761688,1,2.38,awesome,0.455610648999853,7.86
627,628,jessuls,0.601235855,4.3615099,4.7333821,3.8081527,5.314593,5.2343054,4.3615099,3.8081527,3,5.40666666666667,adjacent,0.640653249004674,5.15
628,629,jilths,0.435552644,3.7942561,4.926037,4.120051,4.1965426,4.106693,3.7942561,4.120051,2,3.02,mistress,0.51902433289275,3.86
629,630,jipping,0.493564573,4.9199604,5.0110508,5.0978668,4.9422593,4.9220726,4.9199604,5.0978668,2,5.206,feeling,0.527138867013707,6.5
630,631,jirm,0.351723289,8.8159422,5.0413222,5.2251801,9.2920837,9.1348452,8.8159422,5.2251801,1,5.36,lab,0.59359625264852,4.57
631,632,jitting,0.473202614,4.8933919,4.9510434,4.8883475,5.1758659,5.1060421,4.8933919,4.8883475,2,4.545,trouble,0.492141563886045,2.87
632,633,jodd,0.542555375,7.9645159,4.7650825,6.5721044,7.8030206,7.5813359,7.9645159,6.5721044,1,4.56,important,0.521643642537724,6.82
633,634,jodry,0.616114767,7.6456378,4.8985462,6.4819987,7.2875747,7.2284412,7.6456378,6.4819987,2,5.03909090909091,papa,0.547939250809143,7.0
634,635,jogy,0.643485329,8.5485235,5.1090075,6.1321093,8.7179903,8.3334731,8.5485235,6.1321093,1,7.01,running,0.502481926398623,6.53
635,636,jomeers,0.560503565,6.9670937,5.1284214,6.4192803,6.7141751,6.7671926,6.9670937,6.4192803,3,4.66,thanks,0.622151548146875,7.73
636,637,jomsaw,0.509427432,7.9814464,5.0846691,6.128476,7.8940666,7.9598159,7.9814464,6.128476,2,5.05,guess,0.608585556009708,5.18
637,638,jonfles,0.588398707,4.3660434,5.0815785,5.5715188,4.2402766,4.263876,4.3660434,5.5715188,3,5.19625,dilemma,0.606155063359438,4.24
638,639,jonier,0.630367463,6.2891051,5.1458716,6.1980279,6.1527471,6.138715,6.2891051,6.1980279,2,5.14083333333333,aforementioned,0.570133787497298,5.21
639,640,josk,0.534226036,7.001505,4.9679004,6.1163208,7.0628344,6.9153532,7.001505,6.1163208,2,5.19830769230769,err,0.586283296725169,3.58
640,641,jouse,0.654854033,7.8498386,5.0259775,6.2748072,7.7948151,7.6784616,7.8498386,6.2748072,1,4.89833333333333,battle,0.525151658214016,3.52
641,642,joygade,0.781171064,6.6065523,5.0165167,6.8976295,6.033436,5.9497211,6.6065523,6.8976295,2,6.1,opposition,0.510867869117717,3.21
642,643,jumbty,0.695070513,4.1822545,4.9144632,4.3631015,4.6040087,4.6589001,4.1822545,4.3631015,2,4.85,psychopathic,0.608208225505344,2.8
643,644,jupsers,0.577669746,4.670647,4.7944698,4.7184385,4.5334361,4.4582518,4.670647,4.7184385,3,5.45333333333333,inverted,0.610370342854322,4.91
644,645,jurn,0.431361114,8.52043,4.9540061,5.1145878,8.6768494,8.5070403,8.52043,5.1145878,1,4.195,escape,0.507708712859302,5.5
645,646,kangling,0.5227566,5.3776475,5.0021667,5.242294,5.5079383,5.5601509,5.3776475,5.242294,2,5.45,running,0.469664718710692,6.53
646,647,kankmen,0.388719951,5.3023046,5.1151061,4.9957269,5.3394845,5.458408,5.3023046,4.9957269,3,4.513,thanks,0.570359910611092,7.73
647,648,kedges,0.501091802,5.8747864,4.8926431,5.3083862,6.0013223,5.9790605,5.8747864,5.3083862,2,4.976,spinach,0.567662786428129,5.81
648,649,kepgote,0.418722686,8.7169351,5.2183468,7.9696929,7.1177178,7.1465943,8.7169351,7.9696929,2,5.67,keep,0.472377063307419,6.32
649,650,ketkin,0.566120686,7.3727832,5.0461832,7.3717683,6.3501608,6.330018,6.3221393,5.6179205,2,4.625,lilac,0.565226511758137,6.95
650,651,keve,0.61217693,8.6349258,5.2819898,5.3774053,8.9696689,8.9481989,8.6349258,5.3774053,2,5.41428571428571,principle,0.577025913366089,5.0
651,652,khars,0.498259647,5.3506072,4.9536466,5.155087,5.3494177,5.3340203,5.3506072,5.155087,2,4.78066666666667,bad,0.540681461896194,3.24
652,653,kibid,0.652119325,7.4297445,4.8122208,5.5400368,7.421999,7.3167703,7.4297445,5.5400368,2,5.19727272727273,video,0.5894935098737,6.64
653,654,kittings,0.719523583,5.7988569,4.8269016,5.664451,5.6960486,5.6327668,5.7988569,5.664451,3,5.42857142857143,species,0.530241738714908,5.26
654,655,kivs,0.590219334,8.2640724,4.9983616,7.1925093,7.4253314,7.4490199,7.2173518,5.9718656,1,7.13,quilt,0.581894716391022,5.91
655,656,knackets,0.569603492,6.5672757,4.9483397,5.1998807,6.6298074,6.6233142,6.5672757,5.1998807,2,5.74,knack,0.515243446365049,5.68
656,657,knibe,0.400333179,7.3155688,5.085173,5.9624606,7.2336425,7.2249188,7.3155688,5.9624606,1,4.33,handle,0.518308717083122,5.73
657,658,kniln,0.501114986,7.4516308,5.0633004,5.719246,7.462525,7.3820069,7.4516308,5.719246,2,4.856,gun,0.521194499022024,3.66
658,659,knilques,0.382906986,6.695376,5.0260725,6.3838498,5.7733437,5.7541528,6.2668063,4.4970204,3,6.975,mincemeat,0.559840708646575,4.05
659,660,knimly,0.643231406,8.1204438,5.0709356,6.6331008,7.2882856,7.2707166,8.1204438,6.6331008,3,4.90790697674419,management,0.553098022079979,4.95
660,661,knist,0.549924618,7.2725984,4.9259399,5.3621811,7.4618046,7.3404501,7.2725984,5.3621811,1,5.85,beef,0.515140133589461,6.11
661,662,kockals,0.423020485,4.2689081,4.96836,4.2446688,4.741537,4.7707039,4.2689081,4.2446688,3,5.55142857142857,murderer,0.596405796809449,1.92
662,663,krennix,0.544482045,5.9293337,5.0005983,5.4400177,5.7931348,5.8711262,5.9293337,5.4400177,3,5.09333333333333,malarkey,0.558761224999999,4.45
663,664,kritched,0.396850926,5.5990767,4.8371987,4.8025094,5.8231878,5.7695803,5.5990767,4.8025094,2,4.37,inverted,0.543954072599697,4.91
664,665,kuldies,0.591971635,6.2947734,4.7577812,4.8820625,6.8091417,6.7513997,6.2947734,4.8820625,2,5.53,babe,0.589018075045648,6.86
665,666,kusgrels,0.385562338,3.7013077,4.7457737,3.7640912,4.3176985,4.3160175,3.7013077,3.7640912,4,3.97071428571429,parsley,0.632696958395264,6.26
666,667,labtered,0.411646852,5.7710438,5.000484,4.5716206,6.2924826,6.298521,5.7710438,4.5716206,2,4.635,brother,0.585111656605491,6.18
667,668,lagobe,0.563063072,6.8418556,5.2194081,4.7369237,6.877708,6.8974571,6.8418556,4.7369237,2,5.33333333333333,skirt,0.559483728923965,6.14
668,669,lalal,0.760978916,6.0579555,5.2439631,5.3468451,6.066649,6.1496495,6.0579555,5.3468451,2,5.28130434782609,dopey,0.558147691416089,3.86
669,670,lalktost,0.481762134,7.0543999,4.9941571,6.2873484,6.6015414,6.5517025,7.0543999,6.2873484,3,4.61333333333333,scripture,0.594376587801769,5.47
670,671,lambeen,0.638741399,6.9163987,5.2773632,5.6242292,6.7550417,6.8808288,6.9163987,5.6242292,3,5.13307692307692,be,0.488635580341807,6.18
671,672,lanja,0.635159582,6.8838911,5.1650477,4.7801625,7.1445965,7.1686299,6.8838911,4.7801625,2,5.509,object,0.525332664136513,5.52
672,673,larwan,0.528569277,6.2188271,5.1875638,4.6041138,6.2251153,6.3530035,6.2188271,4.6041138,2,5.305,fine,0.565811546092613,6.5
673,674,laryl,0.533882446,7.1543821,5.1486225,5.5038131,7.3219664,7.3496704,7.1543821,5.5038131,2,4.93166666666667,specific,0.529310923187122,5.48
674,675,lault,0.621014259,6.5577142,5.0898329,4.8164345,6.7045979,6.7473277,6.5577142,4.8164345,1,4.685,princess,0.533078994217275,7.64
675,676,laxfel,0.448745272,7.5314759,5.1923019,6.5858041,6.0476452,6.187915,6.6895398,5.5192219,2,5.59666666666667,lax,0.475036288919961,4.43
676,677,leabup,0.576828304,7.0495239,5.1262571,5.4942643,6.703146,6.7388936,7.0495239,5.4942643,2,5.3775,variation,0.561169656769876,5.53
677,678,leboss,0.425643582,6.1749171,4.9905636,5.0035555,6.2667582,6.2243639,6.1749171,5.0035555,2,3.83,cockeyed,0.5453453654623,3.95
678,679,lebost,0.501451493,6.5704689,5.0764715,5.274109,6.4940753,6.5148753,6.5704689,5.274109,2,3.955,blowjob,0.605179567794634,6.16
679,680,leging,0.549181839,5.873634,5.1311356,5.1917928,5.8319162,5.8810682,5.873634,5.1917928,2,5.185,aware,0.487957074952645,6.86
680,681,lelk,0.57502012,7.4377242,5.1796081,5.8878111,7.1774548,7.1062537,7.4377242,5.8878111,1,4.905,meatloaf,0.558668924692612,5.16
681,682,lestest,0.439614805,6.4099535,5.0171978,5.2609803,6.4278148,6.3974291,6.4099535,5.2609803,2,3.05,essence,0.536819100701165,6.75
682,683,levrees,0.515506035,6.9881419,5.2451789,6.7951431,5.9433547,6.040551,5.8902518,5.4962944,2,5.09,subject,0.565525445320632,5.33
683,684,liflo,0.641831836,7.7336669,5.1963979,5.5947523,7.561339,7.598208,7.7336669,5.5947523,2,5.197,meatloaf,0.571592526103007,5.16
684,685,lilgite,0.550392655,7.8190222,5.1383812,5.8298573,7.3471381,7.3726122,7.8190222,5.8298573,3,5.424,storeroom,0.590538774795218,5.43
685,686,lindedes,0.602689167,5.8728017,4.779365,5.2606027,5.6858825,5.6570343,5.8728017,5.2606027,4,4.97304347826087,documents,0.575090446607764,5.35
686,687,lintres,0.512574841,5.6488648,5.0104365,5.3423521,5.4961481,5.5469409,5.6488648,5.3423521,3,5.15791666666667,configuration,0.553024466560413,4.58
687,688,lipgre,0.529919442,8.3115176,5.1298365,8.1047163,6.3621168,6.3165839,8.3115176,8.1047163,2,4.51,chardonnay,0.512984485403708,6.1
688,689,lipgus,0.487718391,8.0913289,4.9051923,7.6256191,6.1390931,6.0405738,8.0913289,7.6256191,3,4.57263157894737,adjoining,0.542728617086975,5.06
689,690,liptie,0.49996675,7.6207384,5.1842429,5.8661504,7.3506789,7.3568878,7.6207384,5.8661504,2,5.27666666666667,run,0.560550225543607,6.41
690,691,lirlest,0.522784816,6.2262157,5.021994,5.7154569,5.9494615,5.9742063,6.2262157,5.7154569,3,4.9778125,untouchable,0.543228309641263,4.25
691,692,lisy,0.693153264,8.6955861,5.0400598,4.836197,8.836497,8.7131654,8.6955861,4.836197,1,5.61333333333333,estimation,0.55355777484146,4.67
692,693,litple,0.56239529,8.0765113,5.1966238,5.4632036,7.9012617,7.9094312,8.0765113,5.4632036,1,5.91,multiple,0.559884639907825,5.0
693,694,lixics,0.60637187,6.0842909,4.9234033,5.5665841,5.7108703,5.8785855,6.0842909,5.5665841,2,5.875,jewelry,0.577819559426267,7.0
694,695,lixthless,0.30231779,4.7398288,4.8642092,4.6363375,4.7847168,4.8636866,4.7398288,4.6363375,2,3.84,disgraceful,0.58346496358946,2.35
695,696,locin,0.551328028,6.8621448,5.172521,5.0655992,7.1418852,7.1862062,6.8621448,5.0655992,2,5.33384615384615,configuration,0.511244350749069,4.58
696,697,loduy,0.535707789,7.7024867,4.9355901,6.7943067,6.7915688,6.78273,7.7024867,6.7943067,2,5.16538461538462,corresponding,0.566399097660092,5.1
697,698,loindroin,0.481789613,5.9002105,4.9554591,4.9522009,5.8227135,5.718113,5.9002105,4.9522009,4,5.36333333333333,cockeyed,0.567652319430584,3.95
698,699,lokier,0.589805622,5.6147984,5.1545947,5.2142136,5.619068,5.6628464,5.6147984,5.2142136,2,5.08545454545455,good,0.536777686453869,7.89
699,700,lomosts,0.408582945,6.266912,4.997831,5.204123,6.1654697,6.2272577,6.266912,5.204123,3,4.8,pictures,0.605757677545768,7.22
700,701,lootmork,0.507126957,6.2922114,5.1537267,5.5516826,6.3263843,6.2610555,6.2922114,5.5516826,2,5.74,configuration,0.52400548031072,4.58
701,702,lopber,0.530503061,6.8147548,5.1690642,6.0447108,6.6559068,6.5348725,6.8147548,6.0447108,2,4.79478260869565,viola,0.54573463369959,6.2
702,703,lopgo,0.547901995,7.0106721,5.2239793,7.879987,5.0579755,5.1148841,7.0106721,7.879987,1,5.53,knock,0.554886750677344,5.44
703,704,lorsor,0.487831132,6.0875769,5.0379943,5.0904917,6.0437505,6.011054,6.0875769,5.0904917,2,3.82,adjacent,0.527923365269409,5.15
704,705,losiave,0.518462714,4.9374355,5.2212551,5.0755823,4.7069425,4.7648334,4.9374355,5.0755823,3,5.19947368421053,hurt,0.523598914712715,2.45
705,706,losish,0.533178459,3.7913877,4.9574675,4.6319889,3.8558939,3.8143359,3.7913877,4.6319889,2,5.355,collapse,0.484161142870231,3.37
706,707,loubts,0.407383136,4.8999207,4.9144164,4.5656154,5.378694,5.4015259,4.8999207,4.5656154,2,3.28,trouble,0.566261676050622,2.87
707,708,lubo,0.577206877,7.7824746,5.0711236,5.3176996,8.1127898,8.0314298,7.7824746,5.3176996,1,5.1,viola,0.537972880909253,6.2
708,709,lunchlill,0.570233987,5.9053384,5.0114244,4.5715425,6.020511,6.1275546,5.9053384,4.5715425,3,7.26,breakfast,0.525386262931764,7.39
709,710,lurb,0.549854693,8.066008,4.9663193,5.120886,8.1127752,8.0456018,8.066008,5.120886,1,4.26,combination,0.538298797478112,5.47
710,711,luys,0.539806216,7.3678996,4.9673029,6.6046061,6.2151851,6.3010938,7.3678996,6.6046061,2,4.76740740740741,fight,0.583568196423081,3.54
711,712,lylik,0.621699252,7.5052844,5.0833859,5.6279689,7.3579773,7.3750552,7.5052844,5.6279689,2,6.53,fuchsia,0.586529786214071,5.14
712,713,lyll,0.58254643,8.5401109,5.1698536,5.4174507,8.4304167,8.4879301,8.5401109,5.4174507,1,4.05,pharaoh,0.613719700952585,5.45
713,714,mabfie,0.57526695,8.3787336,5.1933269,6.5866845,7.1987495,7.3009966,7.5367976,5.5201022,2,4.45666666666667,suppose,0.582460338086034,5.27
714,715,mabhew,0.496415509,7.5133593,5.2193745,6.5812107,6.7440538,6.7829041,7.5133593,6.5812107,2,4.1,way,0.560097434263245,5.91
715,716,mabhey,0.5432086,6.7536873,5.2024683,6.4854617,5.8807082,5.8871884,6.7536873,6.4854617,2,4.68333333333333,subsequent,0.548285843686561,5.16
716,717,mabio,0.584233221,7.543242,5.1804749,5.3776734,7.4678676,7.4696944,7.543242,5.3776734,2,5.1,papa,0.587195782191597,7.0
717,718,macnyl,0.449780926,7.230671,5.1684864,5.0685871,6.6938638,6.8177952,7.230671,5.0685871,2,6.09,guitar,0.504167291910274,7.1
718,719,maddage,0.44922536,6.9668326,4.8822011,5.307123,6.8863472,6.8307563,6.9668326,5.307123,2,4.962,everlasting,0.546222683623634,6.55
719,720,maifs,0.559736293,6.3161658,5.0694935,5.1898165,6.3287301,6.319191,6.3161658,5.1898165,2,4.49375,people,0.54082845795575,5.7
720,721,maistes,0.46653049,5.8075324,4.9998938,4.9225752,5.8874446,5.9358705,5.8075324,4.9225752,2,5.23,adjacent,0.640046740296249,5.15
721,722,mambs,0.575338028,6.5804369,5.0284642,4.8275958,6.7712844,6.8035331,6.5804369,4.8275958,1,5.52,babe,0.539109918223385,6.86
722,723,mamled,0.424549883,7.5679293,5.0902904,6.2769361,6.6344957,6.7145061,7.5679293,6.2769361,2,5.46375,grandfather,0.503160315014422,5.68
723,724,mampen,0.481598595,7.1776855,5.272443,5.2081087,6.9697246,7.0488577,7.1776855,5.2081087,2,5.067,overcome,0.505756706330874,6.81
724,725,mancmer,0.435624947,7.626246,5.1927165,6.3720703,6.7590471,6.7850522,6.7215161,5.2237062,2,5.03571428571429,girl,0.526592207378067,7.15
725,726,mannours,0.609916619,6.4937609,4.9672847,5.1681602,6.3409243,6.3949473,6.4937609,5.1681602,3,5.275,idea,0.569366718597938,7.05
726,727,mapge,0.508350149,8.402335,5.2414247,7.7544335,6.7816519,6.8587858,8.402335,7.7544335,1,6.09,map,0.522503215324469,5.81
727,728,mapger,0.470974138,8.2191737,5.1827063,7.6423806,6.6457759,6.6998719,8.2191737,7.6423806,1,5.5,guy,0.544572904849675,6.55
728,729,masp,0.500304735,7.9854601,5.0944577,5.2934352,8.1427597,8.0696835,7.9854601,5.2934352,1,4.66285714285714,support,0.524665816815528,6.89
729,730,matben,0.458605082,7.5170991,5.1728355,4.7815964,7.7720952,7.8182855,7.5170991,4.7815964,2,5.38285714285714,papa,0.593812993139426,7.0
730,731,mavel,0.718889899,7.6885449,5.3118593,5.3564866,7.7117913,7.8075804,7.6885449,5.3564866,1,5.01,artist,0.532267358632135,6.76
731,732,meaf,0.541478872,7.5141085,5.2800991,5.2921036,7.7478313,7.7315286,7.5141085,5.2921036,1,5.09,measurement,0.497522868376246,5.11
732,733,mebyl,0.497579823,8.1604378,5.1792758,5.5873276,8.3288575,8.416808,8.1604378,5.5873276,2,5.4175,moment,0.629843491837002,6.1
733,734,meetier,0.545682106,6.8773634,5.2962431,5.5380754,6.8334555,6.8957016,6.8773634,5.5380754,2,5.04,meeting,0.47963482562464,4.55
734,735,meywas,0.558690014,7.5044459,5.1759343,5.1186411,7.029577,7.2134231,7.5044459,5.1186411,3,5.16473684210526,peninsula,0.644697403993525,5.95
735,736,midsteps,0.561444788,5.1922694,4.761799,3.9754339,5.7664161,5.7332308,5.1922694,3.9754339,3,4.752,steps,0.536770859156839,4.95
736,737,miek,0.573453474,7.6438832,5.1702289,5.4020327,7.8324235,7.803988,7.6438832,5.4020327,1,5.84,lilac,0.580318703639345,6.95
737,738,miet,0.607543708,7.1709953,5.2089161,5.0242781,7.4577245,7.3792679,7.1709953,5.0242781,1,5.485,fuchsia,0.60563893735119,5.14
738,739,migrechs,0.420527667,4.7189298,4.9762278,4.1334661,5.100905,5.0972088,4.7189298,4.1334661,4,5.1125,chicken,0.570532799235141,6.17
739,740,migremns,0.349730138,4.2040916,5.0005818,3.7895599,4.9118996,4.9845955,4.2040916,3.7895599,3,2.68,speckled,0.576076745123683,5.78
740,741,milmeged,0.443031191,4.6770537,5.0660817,4.4244475,5.0702888,5.1662226,4.6770537,4.4244475,3,4.76,metallic,0.624642026127734,5.26
741,742,milys,0.659824536,6.7769137,5.039167,4.6455383,6.8453018,6.8846334,6.7769137,4.6455383,2,5.26636363636364,species,0.560918046413302,5.26
742,743,mineg,0.596715013,5.6397194,5.1815005,4.6883768,5.9812482,6.0042643,5.6397194,4.6883768,1,4.81,kickboxing,0.528647035363838,5.33
743,744,minnip,0.650081516,6.4432868,5.1187176,5.3402717,6.3813992,6.4266256,6.4432868,5.3402717,2,5.18,happen,0.580973048741172,5.5
744,745,mirdbop,0.509049734,5.3034512,4.8836617,4.7587493,5.37965,5.3151699,5.3034512,4.7587493,3,5.9,automatic,0.540672659626491,6.05
745,746,misdalds,0.420454256,3.9092746,4.560164,4.1131343,4.324807,4.2291182,3.9092746,4.1131343,4,4.2684,mistake,0.48322672327076,2.89
746,747,misdarms,0.301585061,4.1441642,4.7035535,3.8157085,4.4904979,4.4846514,4.1441642,3.8157085,3,4.38,failure,0.593675751437926,2.15
747,748,misdels,0.407689392,3.936526,4.7987001,3.3837282,4.7162765,4.7086274,3.936526,3.3837282,3,3.87923076923077,loss,0.571901452403017,2.9
748,749,miseau,0.523216979,4.4876062,5.0675686,5.0485734,4.5983636,4.620817,4.4876062,5.0485734,2,3.188,problem,0.49587377075417,3.52
749,750,miskips,0.43176603,4.3010193,4.8329198,4.6064061,4.320911,4.3544069,4.3010193,4.6064061,3,4.125,viola,0.540504808185139,6.2
750,751,misnels,0.550300903,4.0749827,4.9823542,3.7020549,4.6231123,4.6676646,4.0749827,3.7020549,3,4.25733333333333,characteristic,0.534811675963868,5.57
751,752,misnil,0.506779777,4.4304497,5.0143636,4.1951695,4.6152011,4.6277368,4.4304497,4.1951695,2,4.3,problematic,0.428429375827328,2.58
752,753,misnive,0.399103638,5.0929856,5.1128508,4.6103269,5.3251346,5.3485405,5.0929856,4.6103269,2,3.55333333333333,problematic,0.421034794695054,2.58
753,754,misnyps,0.370085423,3.5439958,4.900906,3.2928385,3.8018861,3.8597489,3.5439958,3.2928385,3,4.535,symptomatic,0.549839363169455,4.0
754,755,mispleged,0.364008667,4.251132,4.9402711,4.5623313,4.5224872,4.5191256,4.251132,4.5623313,3,3.25333333333333,frustrated,0.550187304410294,2.55
755,756,misplirds,0.449499452,4.7918076,4.6452876,4.9288333,4.9430854,4.8104926,4.7918076,4.9288333,4,2.99333333333333,failure,0.545807562410016,2.15
756,757,misprolls,0.371596193,4.0266772,4.9028605,4.0835991,4.5254139,4.5129898,4.0266772,4.0835991,4,4.21428571428571,viola,0.5262306377399,6.2
757,758,misqualt,0.36253268,3.9514741,5.0398889,4.1077945,4.2369284,4.1931048,3.9514741,4.1077945,3,4.99,casualty,0.468630573139081,3.33
758,759,misquirds,0.32181802,4.1592899,4.650183,4.1804743,4.4875635,4.3335162,4.1592899,4.1804743,4,4.60615384615385,viola,0.507074726157815,6.2
759,760,misslites,0.439042658,4.2852055,4.8248236,3.807652,4.5685032,4.5427329,4.2852055,3.807652,3,2.85,contents,0.563256664228613,5.79
760,761,missols,0.435365531,4.2701115,4.8495619,3.7621025,4.851156,4.8591952,4.2701115,3.7621025,2,2.85,hurt,0.585485537845316,2.45
761,762,mistrecks,0.417469322,4.8962861,4.8070917,4.8671575,4.8138303,4.7378877,4.8962861,4.8671575,2,3.86,problem,0.493257414173168,3.52
762,763,mixea,0.616432412,4.3657139,5.1970075,4.9740095,4.6210016,4.8138857,4.3657139,4.9740095,1,4.9,corresponding,0.563908755905771,5.1
763,764,mobort,0.406735688,6.8249016,5.1151255,4.8178749,7.2219559,7.1048599,6.8249016,4.8178749,2,4.898,vasectomy,0.538033882104796,4.83
764,765,mocys,0.539862449,7.5673609,5.0790187,4.9236153,7.5231013,7.5051419,7.5673609,4.9236153,2,4.76166666666667,sediment,0.516736089783957,5.11
765,766,moglede,0.409904768,6.1258313,5.1293359,5.2074967,6.0771089,6.0914977,6.1258313,5.2074967,3,4.49142857142857,backup,0.579015137627837,5.85
766,767,mointents,0.566581546,5.1438654,5.0673907,5.311876,4.9643173,4.9627506,5.1438654,5.311876,2,5.79,excessive,0.59137734856053,4.37
767,768,moitis,0.47161578,4.2325501,5.0443963,4.438419,4.2766376,4.3144877,4.2325501,4.438419,2,5.11,viola,0.561622957890022,6.2
768,769,molltents,0.380960598,6.1361261,5.0913291,5.1580809,6.0314944,6.0870064,6.1361261,5.1580809,3,5.27,fuchsia,0.586637971951708,5.14
769,770,mombfure,0.421011124,7.6222831,5.0734519,6.2538334,6.6930249,6.7351939,6.7803471,5.1872511,3,5.295,babe,0.52079973155218,6.86
770,771,monpleants,0.473322248,4.4885197,5.1433679,5.0035982,4.704907,4.8344706,4.4885197,5.0035982,4,6.015,excited,0.584283294250119,8.11
771,772,monsmal,0.514997437,6.7218582,5.1257001,5.0084181,6.8066262,6.7891561,6.7218582,5.0084181,2,4.62,critical,0.5449096533227,3.95
772,773,montein,0.601468804,5.8914138,5.2240979,5.1266794,5.8680596,5.9079594,5.8914138,5.1266794,2,5.46666666666667,montage,0.535138866524379,5.48
773,774,mooge,0.634505619,7.0082452,5.3053997,5.4986791,7.0254034,7.0178988,7.0082452,5.4986791,1,6.71,duplicate,0.494455161517498,4.7
774,775,mopial,0.467805278,6.6963512,5.2416811,4.9278882,6.6837932,6.7327422,6.6963512,4.9278882,2,5.30285714285714,medical,0.493788454617594,5.22
775,776,morkfure,0.344700427,7.4949801,5.0120363,5.6140174,7.5108782,7.5950854,7.4949801,5.6140174,3,2.89666666666667,dildo,0.600883136850799,4.57
776,777,mosicised,0.377730735,5.17618,4.8060009,4.4552314,5.4141062,5.3278776,5.17618,4.4552314,4,5.42333333333333,annoyed,0.506233495675256,2.8
777,778,moung,0.464416978,6.9365909,5.0818068,4.9346968,7.0159191,7.0586307,6.9365909,4.9346968,1,5.70666666666667,play,0.511892286109747,7.55
778,779,moungern,0.310331464,6.1157915,5.080659,4.8703485,6.2334062,6.3073204,6.1157915,4.8703485,3,4.57666666666667,adjoining,0.562189527314719,5.06
779,780,mouno,0.487411074,6.967739,5.1752558,5.242993,7.1297742,7.114687,6.967739,5.242993,1,4.88666666666667,girl,0.553993079086192,7.15
780,781,mousaw,0.483675794,6.557366,5.0668892,5.1886392,6.5830183,6.6728779,6.557366,5.1886392,2,4.84666666666667,thought,0.525492766355085,6.76
781,782,moyca,0.599920555,5.5893042,5.2339188,5.2252478,5.4651023,5.5440559,5.5893042,5.2252478,2,5.375,papa,0.585207014585367,7.0
782,783,muester,0.540953371,6.16219,5.029156,5.1666575,6.2025042,6.224081,6.16219,5.1666575,1,4.67,designer,0.525197199231729,5.57
783,784,mujok,0.41348797,4.0793565,4.9992827,5.2209083,5.1497188,5.1350881,4.0793565,5.2209083,2,4.38666666666667,girl,0.559567232856686,7.15
784,785,mundats,0.405199568,5.4905988,4.7608635,5.219889,5.3227823,5.3185766,5.4905988,5.219889,2,3.695,fundamental,0.53026497191535,4.95
785,786,muplids,0.479404193,5.1212854,4.7525566,5.0285521,5.1642204,5.155043,5.1212854,5.0285521,3,5.35,fuchsia,0.605251956010031,5.14
786,787,mutolls,0.400308655,4.2231887,4.9801257,4.0692379,4.5765327,4.657671,4.2231887,4.0692379,3,4.496,viola,0.595456158711983,6.2
787,788,mutsles,0.476968323,5.885743,4.8896496,4.3507995,6.0652665,6.0190142,5.885743,4.3507995,2,2.57,opposition,0.532786783133451,3.21
788,789,mype,0.618965123,7.7014998,5.2482711,4.6080674,7.7512149,7.8088387,7.7014998,4.6080674,1,4.91333333333333,darling,0.569012697507118,7.32
789,790,myrry,0.588927996,7.1753962,5.0562836,4.559936,7.2752645,7.2958197,7.1753962,4.559936,1,7.145,nitrogen,0.576504078065029,4.6
790,791,myvet,0.561934664,8.4348134,5.2398374,6.3354658,7.669764,7.5748608,7.5885015,4.9037881,2,5.004,girl,0.567808655986397,7.15
791,792,naaclon,0.48144001,7.020057,5.2405298,6.0017799,6.4458649,6.4533315,7.020057,6.0017799,3,5.76363636363636,nincompoop,0.530495562087935,5.0
792,793,nabat,0.54118972,8.3021658,5.1342983,4.9687723,8.3745763,8.2903379,8.3021658,4.9687723,2,5.0525,cause,0.589994904413894,5.14
793,794,nact,0.561808387,8.2424029,5.1447982,5.0407197,8.3997738,8.2744892,8.2424029,5.0407197,1,5.645,play,0.548784105273421,7.55
794,795,nacty,0.376974579,7.6439414,5.1378741,5.1675991,7.6670049,7.6645464,7.6439414,5.1675991,1,2.95,chiropractor,0.562284077603895,5.3
795,796,namb,0.552661268,8.6593627,5.1352124,4.906209,8.8925367,8.829099,8.6593627,4.906209,1,4.84,combination,0.528782644348502,5.47
796,797,namters,0.483008341,4.9898876,5.0633063,7.6665039,5.2360504,5.3278839,4.9898876,7.6665039,3,5.23918918918919,type,0.554224053755071,6.06
797,798,naoade,0.466632761,7.1215171,5.1601971,5.2293229,6.4403314,6.4608804,7.1215171,5.2293229,2,5.28,go,0.545243356009168,6.32
798,799,narrause,0.436663803,5.8701355,4.9854407,4.5095234,6.1818445,6.1879126,5.8701355,4.5095234,3,5.772,positioning,0.549737913228831,4.84
799,800,naslepans,0.396339353,3.9906072,5.0458598,4.0300826,4.2691712,4.3450021,3.9906072,4.0300826,4,5.03333333333333,viola,0.587803271405706,6.2
800,801,navol,0.553398566,8.6484934,5.2703633,5.1440416,9.0176463,9.0181069,8.6484934,5.1440416,1,5.04,cottage,0.639116618844549,6.63
801,802,nedukes,0.482826206,5.3319399,4.8355218,4.161424,5.6890581,5.6649494,5.3319399,4.161424,3,4.89666666666667,girl,0.603977053120741,7.15
802,803,nermast,0.478918883,5.8689618,5.0633063,5.1763617,5.7950077,5.8007151,5.8689618,5.1763617,3,5.23916666666667,clientele,0.54414017324553,5.1
803,804,nertal,0.462490684,6.8445221,5.1816121,5.2392965,6.9828754,6.9764763,6.8445221,5.2392965,2,5.22888888888889,software,0.534589113593531,6.37
804,805,niaps,0.578567762,7.5084347,5.0636231,4.5719454,7.824899,7.8388624,7.5084347,4.5719454,2,5.062,meaning,0.582670451324612,6.45
805,806,nibe,0.596113119,8.2142232,5.1592598,5.6204572,8.1687595,8.1340708,8.2142232,5.6204572,1,5.95333333333333,handle,0.542083998029921,5.73
806,807,nilthe,0.49918958,3.9556188,5.1761676,4.9516091,3.9547542,4.0250102,3.9556188,4.9516091,2,3.93,severe,0.568427224861899,3.21
807,808,niltres,0.45457406,3.872818,5.0104365,4.7512079,3.8713941,3.9477004,3.872818,4.7512079,3,5.03444444444444,negligible,0.543988006605971,3.81
808,809,nimdad,0.455590968,5.1678212,4.7912215,4.687118,5.9261077,5.79026,5.1678212,4.687118,2,4.46,prophet,0.565763005628214,5.32
809,810,nipgred,0.402856363,8.4924292,4.9191729,7.8182329,6.7786716,6.6772695,8.4924292,7.8182329,3,4.87111111111111,congratulations,0.542456324736992,7.33
810,811,nirthquess,0.42548877,3.4939246,4.8743336,2.4842496,5.3895404,5.2157569,3.4939246,2.4842496,4,3.85,critique,0.598331139509851,4.8
811,812,nivny,0.587294808,6.7714164,5.1559277,7.0447719,5.7883662,5.8853749,5.6723828,5.67039,1,4.33,godlike,0.571850953087499,6.15
812,813,nixny,0.518415744,8.1332519,5.0534568,6.6241852,6.6479383,6.8193558,7.0342182,5.2498034,1,4.33,renowned,0.629380568663955,6.0
813,814,nodills,0.544951981,4.9979225,4.874617,4.3881351,5.2604841,5.2643771,4.9979225,4.3881351,3,5.1475,bacterial,0.573675612365051,3.68
814,815,noep,0.494660217,7.3486004,5.2867219,4.9800381,7.2327938,7.2238097,7.3486004,4.9800381,2,5.31177419354839,suppose,0.57140288897711,5.27
815,816,nokists,0.488639012,6.3309539,4.8507182,5.2037039,6.24975,6.2186327,6.3309539,5.2037039,3,5.14666666666667,cockeyed,0.56903453236768,3.95
816,817,nokly,0.635521945,7.2570162,5.1341897,5.409128,6.9121301,6.9710635,7.2570162,5.409128,2,5.163,aquamarine,0.617955752118249,6.4
817,818,nokra,0.426262029,7.1272863,5.1198826,4.8943242,7.2488473,7.164959,7.1272863,4.8943242,1,5.55,aquamarine,0.518545672174251,6.4
818,819,nollpins,0.513238209,4.3806687,5.0528751,4.8082397,4.3542546,4.4199658,4.3806687,4.8082397,3,4.55,malarkey,0.595410849313487,4.45
819,820,nolve,0.602819548,8.4427371,5.3097933,5.5244955,8.3032665,8.4162355,8.4427371,5.5244955,1,6.3,solve,0.541048625391051,6.3
820,821,noopness,0.497219024,6.0923234,5.0747407,5.1387206,6.1915441,6.1668094,6.0923234,5.1387206,2,7.38,connection,0.531988152828195,6.0
821,822,norttag,0.483095695,5.9150212,5.075807,4.8772321,5.9420131,5.9102446,5.9150212,4.8772321,3,5.06333333333333,outskirts,0.555491264200399,5.0
822,823,nospese,0.430443479,6.3581037,5.1171295,5.2351437,6.2660758,6.208541,6.3581037,5.2351437,3,4.31380952380952,laser,0.578457546250234,5.64
823,824,notbed,0.43819885,6.8741828,4.9871154,4.8399616,7.0175921,6.958533,6.8741828,4.8399616,2,5.46,be,0.558575855443126,6.18
824,825,nouble,0.545631909,6.7050778,5.1286942,5.2824852,6.6867798,6.7404653,6.7050778,5.2824852,1,6.47,enhancement,0.519786050497048,6.29
825,826,noup,0.537389611,8.4543178,5.1246668,5.4036094,8.4073295,8.3145568,8.4543178,5.4036094,1,5.67,protection,0.519187988102934,6.73
826,827,novra,0.666525746,8.2995436,5.2155395,6.7048617,7.6543689,7.6521992,7.2016535,5.406013,2,5.328,lord,0.607242848379045,5.59
827,828,noxfees,0.464888429,6.6815481,5.1488473,6.243926,5.2197524,5.3244556,5.839612,5.1773437,3,5.7725,adjacent,0.569649637223317,5.15
828,829,nuct,0.438311914,7.880175,5.0221731,5.2730876,7.8609482,7.7081437,7.880175,5.2730876,1,4.84,gun,0.501446829975498,3.66
829,830,nugcouse,0.415835465,7.7718921,4.9189782,6.6868308,6.5953055,6.5735141,6.7282948,5.2710938,2,3.4,daughter,0.560277684329382,6.73
830,831,nuisills,0.440615156,3.6827641,4.801022,4.7030896,3.7132716,3.72321,3.6827641,4.7030896,3,5.63,problematic,0.528528811225634,2.58
831,832,nunk,0.397565513,6.5768424,4.9944381,4.9857423,6.5113269,6.3978525,6.5768424,4.9857423,1,4.51,girl,0.506560368670577,7.15
832,833,nupleil,0.50967782,6.672552,5.1275391,5.2075125,6.6338818,6.6749134,6.672552,5.2075125,3,5.17,malady,0.607205768391795,3.86
833,834,nurdres,0.476900859,6.3100499,4.7191493,5.1931278,6.0601558,6.0137296,6.3100499,5.1931278,3,4.67285714285714,gown,0.580792124822177,6.0
834,835,nusgrell,0.432579744,4.1194007,4.9218214,4.5648966,3.8857898,3.9140745,4.1194007,4.5648966,3,5.05,wanton,0.559859298572857,5.24
835,836,nutbrill,0.620088858,4.4231959,4.8952976,4.7044943,4.3873437,4.4166678,4.4231959,4.7044943,3,6.21,awesome,0.528081602003113,7.86
836,837,nutgres,0.504235128,3.9991845,4.8942109,4.7638412,4.2357109,4.2594021,3.9991845,4.7638412,3,5.47181818181818,viola,0.475920798880742,6.2
837,838,nyps,0.532441097,4.1210347,5.0393818,4.1956717,4.0585043,4.1371701,4.1210347,4.1956717,2,5.414,herpes,0.585388662317986,1.57
838,839,oamless,0.392941443,7.3897127,5.0937602,6.0054118,6.6595301,6.7098164,7.3897127,6.0054118,2,4.0275,indispensable,0.596886532073211,6.37
839,840,obsledes,0.402247539,4.9187708,4.8644802,3.569492,5.2718142,5.1968412,4.9187708,3.569492,3,3.965,bobsled,0.551849210888004,6.0
840,841,ocised,0.44502858,5.2550283,4.9444767,4.6635158,5.3236913,5.3037069,5.2550283,4.6635158,3,5.12444444444444,veiled,0.615237862543528,4.14
841,842,ojosh,0.522240239,7.0905251,5.0737784,5.9723926,7.0664697,6.9514157,7.0905251,5.9723926,2,5.58,brunette,0.539269518856125,6.35
842,843,onbund,0.619300464,7.3248518,4.8450079,5.3150075,7.2628037,7.21441,7.3248518,5.3150075,2,5.11,relevance,0.546467395202195,5.7
843,844,onfless,0.514734802,4.3367079,5.0315235,4.2820413,4.4765037,4.4924211,4.3367079,4.2820413,2,5.08333333333333,bad,0.54405828105126,3.24
844,845,onots,0.462833791,5.0604648,5.1084739,5.2794058,4.8589594,4.9051225,5.0604648,5.2794058,2,4.998,times,0.584133686398383,5.91
845,846,onstrang,0.441257245,5.6104884,4.9744471,4.6871491,5.7726786,5.7643868,5.6104884,4.6871491,3,5.52444444444444,prior,0.504156795025134,4.32
846,847,onup,0.572320739,7.4739537,5.1246668,5.2090362,7.4060812,7.3233089,7.4739537,5.2090362,2,5.516,blame,0.538550215864361,2.94
847,848,opgeans,0.59682236,7.7775139,5.1516438,7.5080861,6.0787525,6.156209,7.7775139,7.5080861,3,5.88,tv,0.585197868179184,6.05
848,849,osner,0.567267496,5.0752755,5.112092,4.3248613,5.3892435,5.4366074,5.0752755,4.3248613,1,6.38,boysenberry,0.615954656616172,5.95
849,850,otstruke,0.400380237,4.5708429,4.8936255,4.1115461,5.0083508,4.990059,4.5708429,4.1115461,3,3.62,unplugged,0.636518278943512,4.29
850,851,ottruds,0.437031744,4.2018201,4.6955835,4.2024889,4.3553482,4.2466889,4.2018201,4.2024889,3,5.1275,run,0.621092577393162,6.41
851,852,oubnest,0.502198541,4.4036676,4.9758816,3.0264928,5.4992869,5.5076772,4.4036676,3.0264928,3,5.03952380952381,famous,0.56857217412378,5.89
852,853,oukol,0.544504167,4.2818732,5.1136193,4.0753556,4.7029107,4.7515808,4.2818732,4.0753556,3,5.00296875,viola,0.615202661152797,6.2
853,854,ounza,0.530802694,7.0469096,5.2795159,5.2728935,6.7351768,6.7861791,7.0469096,5.2728935,2,5.455,type,0.599891721353078,6.06
854,855,ovaft,0.573109725,7.4052869,5.2402254,5.2620469,7.4670713,7.4073244,7.4052869,5.2620469,2,5.0125,adjoining,0.53519261789575,5.06
855,856,pacous,0.469093317,6.8445448,5.0259999,5.3397744,6.7001853,6.7093541,6.8445448,5.3397744,2,5.135,official,0.564872698986688,5.75
856,857,pafi,0.543729772,7.5902723,5.1862978,5.8663141,7.5472184,7.5311683,7.5902723,5.8663141,2,5.11475,lie,0.588982332327094,2.39
857,858,palpes,0.559488323,5.3516694,5.1590827,5.2458473,5.2619903,5.342971,5.3516694,5.2458473,2,5.064,northwest,0.555501771863591,5.81
858,859,pambfip,0.534977209,8.3450681,5.1095122,6.6487613,7.0224066,7.0017395,7.503132,5.582179,4,4.95377358490566,noon,0.575921710127395,5.38
859,860,pamet,0.602591975,6.9880983,5.2533882,5.5420884,7.0826037,7.1075348,6.9880983,5.5420884,2,5.44135135135135,work,0.53476419571307,5.05
860,861,paobe,0.54806244,7.0095415,5.2652698000000004,5.2811453,6.3514515,6.4205228,7.0095415,5.2811453,1,3.63,papa,0.542682398690867,7.0
861,862,parb,0.50905565,8.3600627,5.087443,5.2272299,8.4146482,8.2567467,8.3600627,5.2272299,1,5.54,recipe,0.527177217121213,6.85
862,863,parmly,0.696231318,7.2642445,5.1462282,6.2246748,6.2640003,6.417055,7.2642445,6.2246748,2,5.67125,outskirts,0.585737453755041,5.0
863,864,parseak,0.529570031,6.9238208,5.0691607,5.3714337,6.7170868,6.6584952,6.9238208,5.3714337,3,5.02714285714286,fun,0.510821415944031,8.37
864,865,parthbex,0.498197497,7.0848478,5.0298703,5.3571318,7.0971056,7.098467,7.0848478,5.3571318,3,5.575,combination,0.501609709741614,5.47
865,866,paselem,0.514455777,5.7480319,5.2366085,5.2661143,5.7551644,5.8479263,5.7480319,5.2661143,3,5.028,type,0.559247709026709,6.06
866,867,pathly,0.658577106,6.7241402,5.156145,4.6315412,7.034084,7.0904479,6.7241402,4.6315412,2,4.615,kind,0.510734027681492,7.78
867,868,patmy,0.637037562,7.4341777,5.1734415,5.2112711,7.5589763,7.6297135,7.4341777,5.2112711,2,4.92695652173913,main,0.551367868751248,5.27
868,869,patpard,0.514058349,6.8428574,4.9516306,5.0661809,6.8003462,6.7465513,6.8428574,5.0661809,3,5.431875,problem,0.558302519351585,3.52
869,870,paughels,0.545462663,4.5200999,5.0137883,4.3870511,4.7786861,4.8978419,4.5200999,4.3870511,4,5.65870967741936,viola,0.629691729010782,6.2
870,871,paythy,0.598165919,7.1699959,5.1531155,6.2033564,6.8729549,6.8848587,7.1699959,6.2033564,2,5.785,condition,0.534449533841522,4.32
871,872,peasetice,0.597383845,6.5907527,5.2363393,5.4799633,6.4830441,6.5143755,6.5907527,5.4799633,2,6.7,kickboxing,0.519219222199961,5.33
872,873,pebgred,0.440300226,8.1944152,4.9534263,6.6086524,6.9774713,6.9253771,7.11559,5.210983,3,4.40571428571429,congratulations,0.586167010161957,7.33
873,874,pebgring,0.484930904,6.8545489,5.000419,6.6413662,5.5465693,5.5471192,5.7757236,5.2436967,3,4.74,matching,0.579358570896909,6.3
874,875,pebi,0.628286882,8.3270421,5.1693159,5.6220904,8.6604782,8.3836784,8.3270421,5.6220904,2,5.19,lady,0.559705139720554,6.91
875,876,pecle,0.524968901,8.736499,5.298812,5.4883263,8.7930772,8.746151,8.736499,5.4883263,2,5.34157894736842,wire,0.547934430385969,4.86
876,877,pecly,0.508193908,8.7522853,5.2188652,5.3194378,8.7608806,8.7330546,8.7522853,5.3194378,2,5.270625,configuration,0.539468225910258,4.58
877,878,pectoun,0.484954641,6.0382415,5.1358856,5.1542488,5.7859,5.8558354,6.0382415,5.1542488,3,5.15833333333333,aorta,0.615290899808794,4.35
878,879,pedtail,0.495626082,6.7279677,5.035005,4.975347,6.9628421,6.9507578,6.7279677,4.975347,2,5.572,knit,0.542637943248372,5.85
879,880,pegen,0.567171784,7.7781883,5.2662955,5.0443165,7.9542866,7.9443366,7.7781883,5.0443165,2,5.31277777777778,lavender,0.555888073097159,6.9
880,881,pegie,0.522187662,7.8864476,5.2654721,5.4154442,8.1830276,8.1193796,7.8864476,5.4154442,2,5.53,methodology,0.550884485805554,4.84
881,882,pegoa,0.620853882,7.1654013,5.2884034,5.1256556,7.2084054,7.1974258,7.1654013,5.1256556,2,5.52,scripture,0.60385333205579,5.47
882,883,peisels,0.544270116,5.427646,5.0663257,4.4287363,5.7046892,5.7520622,5.427646,4.4287363,3,4.57928571428571,excrement,0.58156618326634,2.0
883,884,pemy,0.572416752,7.8604062,5.2482711,5.1820013,8.3249917,7.993564,7.8604062,5.1820013,2,5.2784,configuration,0.500051941717807,4.58
884,885,penarn,0.51377232,7.1077281,5.2000583,5.2564038,7.0220937,7.1135746,7.1077281,5.2564038,2,6.10428571428571,movie,0.535946576722273,7.24
885,886,penching,0.472134549,5.884996,5.1208464,5.5901985,5.6672098,5.7068034,5.884996,5.5901985,2,4.025,running,0.522212207416652,6.53
886,887,pentirs,0.45787212,6.6679358,5.008935,5.5197989,6.3958862,6.4318969,6.6679358,5.5197989,2,5.78333333333333,first,0.624551333829106,7.33
887,888,peok,0.597608119,7.7595452,5.2280871,5.6454145,7.5822216,7.5341854,7.7595452,5.6454145,1,6.26333333333333,preview,0.621892499338876,5.74
888,889,pepioes,0.576550286,6.9032312,5.2322176,4.8702868,6.7421874,6.7877786,6.9032312,4.8702868,3,4.82888888888889,chickenpox,0.611319816837541,2.76
889,890,petly,0.665603352,7.5699922,5.2098697,5.1378625,7.4487422,7.4765299,7.5699922,5.1378625,1,4.4,multiple,0.564594282912105,5.0
890,891,pewbin,0.507841795,8.2104582,5.1638459,6.0091562,8.0402018,7.8524748,8.2104582,6.0091562,3,5.18767441860465,car,0.551224839429641,6.63
891,892,pewn,0.50628421,8.1357524,5.250618,5.3157887,8.2573513,8.2910928,8.1357524,5.3157887,1,4.97,adjacent,0.55793451810532,5.15
892,893,pewt,0.528994624,6.8651361,5.2306704,5.5065343,6.9583301,6.9208445,6.8651361,5.5065343,1,4.94,aquamarine,0.514289856580104,6.4
893,894,phame,0.620770324,6.4424473,5.2744931,5.6250801,6.2921086,6.3800352,6.4424473,5.6250801,1,3.955,shame,0.484921881617928,2.62
894,895,phigging,0.440097362,5.1123511,4.9786781,5.4460417,4.8990812,4.9098831,5.1123511,5.4460417,3,5.234,configuration,0.523397077686296,4.58
895,896,phrace,0.640040543,6.6055638,5.1902635,5.496959,6.2604139,6.3056886,6.6055638,5.496959,1,5.5,aspect,0.528824757230629,4.89
896,897,phratted,0.411922535,5.9546943,4.9467622,5.0191485,5.7316884,5.7100872,5.9546943,5.0191485,3,4.91555555555556,colored,0.585581334185923,6.57
897,898,phyheak,0.376261752,6.0154115,5.1800803,5.4940406,5.9375627,5.9908385,6.0154115,5.4940406,3,5.31,drop,0.545307377213504,4.23
898,899,piedy,0.60714922,7.0931271,5.0337824,5.1367404,7.1177402,7.0243868,7.0931271,5.1367404,1,5.0,duplicate,0.556724723892976,4.7
899,900,pilked,0.482730047,6.973916,4.9627251,5.2940333,6.6934887,6.7205565,6.973916,5.2940333,2,4.71625,look,0.556285399035773,5.95
900,901,pimpen,0.548497346,6.169408,5.2180717,5.0500494,5.9448557,5.9963982,6.169408,5.0500494,2,4.255,impact,0.475375356074951,5.76
901,902,pipid,0.68198744,6.4011319,4.9460124,4.8543215,6.5750795,6.4609006,6.4011319,4.8543215,2,4.882,sediment,0.554113874496671,5.11
902,903,piteer,0.579185944,7.5140041,5.2187172,5.2817189,7.3943832,7.4749418,7.5140041,5.2817189,2,4.59764705882353,result,0.563615670846854,6.11
903,904,plailtinch,0.46635671,4.7293189,5.0847675,5.0850083,4.9757046,4.9907472,4.7293189,5.0850083,4,5.344,multiple,0.600839731942186,5.0
904,905,plarched,0.445500702,5.0822964,4.9872628,5.0529865,5.0216059,5.0683533,5.0822964,5.0529865,1,3.3,unorthodox,0.623433500556284,5.38
905,906,plawen,0.503759394,6.980115,5.2803162,5.2268688,7.2047313,7.3259913,6.980115,5.2268688,2,5.32333333333333,scripture,0.549820543455712,5.47
906,907,plazzed,0.632298839,7.4268756,5.3184009,6.152182,7.0809515,7.2558275,7.4268756,6.152182,2,6.7,distinguished,0.556695435138855,6.62
907,908,plictrups,0.488965906,5.1687447,4.8266373,4.3229706,5.3629903,5.3261777,5.1687447,4.3229706,3,7.22,outboard,0.624637855423924,5.15
908,909,pliming,0.526638791,6.4273306,5.0829118,5.336206,6.3711796,6.4515428,6.4273306,5.336206,2,4.998,encouraging,0.503800744269854,6.89
909,910,plinches,0.459940854,5.1881036,5.0584596,5.321302,5.1960406,5.2694061,5.1881036,5.321302,3,5.46142857142857,flourish,0.551411651991646,7.21
910,911,plirled,0.521724516,5.991267,4.974199,5.7242222,5.7817659,5.8117042,5.991267,5.7242222,3,5.70818181818182,engaged,0.519350558215672,6.78
911,912,plording,0.472209251,4.9539542,4.8883415,4.7874556,5.2829236,5.2727531,4.9539542,4.7874556,3,5.12241379310345,stay,0.539777679739992,6.14
912,913,plotsy,0.574158965,6.2656596,5.0616254,5.2381216,6.2467199,6.2425173,6.2656596,5.2381216,2,4.33,astonishing,0.526509667916018,6.53
913,914,ploused,0.534854516,6.0953842,4.8888334,5.1257785,6.1826439,6.1649426,6.0953842,5.1257785,2,5.71,inspired,0.506995386037932,6.89
914,915,plussard,0.508595756,5.0766934,4.6232917,4.8726783,5.2282324,5.1238017,5.0766934,4.8726783,3,5.17,consequence,0.5314590668204,3.86
915,916,plyglyss,0.469380081,5.6949889,4.8714499,5.8118197,4.9200326,4.914454,5.6949889,5.8118197,4,5.25125,detriment,0.504356500629766,3.67
916,917,plynching,0.345381882,4.7559463,5.0370051,5.2766019,4.9517083,5.0161699,4.7559463,5.2766019,1,1.67,killing,0.481617486022293,1.95
917,918,plyten,0.533295343,6.8501474,5.1944177,6.384624,6.2851463,6.3131512,6.8501474,6.384624,2,5.375,fit,0.503081876558427,6.28
918,919,poarsy,0.407248898,4.6131745,5.075794,4.8834968,4.6070897,4.6186961,4.6131745,4.8834968,2,4.96,problematic,0.474719002852951,2.58
919,920,poblets,0.51048224,6.2000805,5.0710755,5.0369855,6.2893652,6.3113379,6.2000805,5.0369855,3,4.92826086956522,beef,0.546438347262606,6.11
920,921,pockatz,0.460557928,4.4010997,5.2427137,4.3626285,5.1532287,5.2154302,4.4010997,4.3626285,2,5.67,enhancement,0.558667912534892,6.29
921,922,pofflat,0.462442587,5.780156,5.1952801,5.1485223,5.7558693,5.8825455,5.780156,5.1485223,3,5.172,liposuction,0.570819668833337,4.68
922,923,polif,0.478946083,7.9942342,5.1948964,4.9574314,8.5613555,8.502112,7.9942342,4.9574314,1,2.67,fine,0.588763044143009,6.5
923,924,ponatch,0.580939194,4.7227057,5.1711933,4.7297212,4.8695898,4.9357332,4.7227057,4.7297212,2,4.69333333333333,shimmering,0.583205315710186,6.81
924,925,ponawls,0.480771945,3.7817917,5.1320719,4.0532386,3.7808816,4.004609,3.7817917,4.0532386,3,4.175,damage,0.641011987284299,2.98
925,926,ponfla,0.594225475,3.8999807,5.2293125,4.7528513,3.9514977,4.0542904,3.8999807,4.7528513,3,5.419,crisis,0.561498792668014,2.05
926,927,popend,0.673569893,6.6880803,5.0822197,5.4287687,6.6634888,6.6781035,6.6880803,5.4287687,2,5.38375,archbishop,0.526287112045539,4.71
927,928,popese,0.561353358,7.4962699,5.2484931,5.321301,7.4961514,7.5180859,7.4962699,5.321301,2,4.81,nursemaid,0.519072127283603,5.38
928,929,popging,0.511976293,6.9813603,5.0973013,7.9599942,5.0871817,5.1685017,6.9813603,7.9599942,2,4.78333333333333,killing,0.492133629438423,1.95
929,930,postord,0.487962138,5.3884704,4.8607055,4.6952245,5.7643333,5.6463072,5.3884704,4.6952245,2,5.3175,approach,0.526245174351718,5.45
930,931,potko,0.584264336,8.2591328,5.1657506,7.1014781,7.1598732,7.0866372,7.2084889,5.3476303,2,5.23625,goulash,0.583013199549903,4.86
931,932,potmers,0.511939575,5.5906346,5.0858555,5.2120207,5.6126254,5.6529715,5.5906346,5.2120207,2,5.79,viola,0.555523222411779,6.2
932,933,pounts,0.492353551,5.9298253,4.9679596,5.3634283,5.8433684,5.8477983,5.9298253,5.3634283,2,4.61923076923077,steps,0.578638916704065,4.95
933,934,povels,0.463366971,3.7736004,5.1985418,4.5758542,4.0489056,4.1588844,3.7736004,4.5758542,2,5.09,phenomenal,0.539570997454593,7.11
934,935,povers,0.515412,4.1610047,5.143718,4.9471413,4.1265783,4.2466656,4.1610047,4.9471413,2,5.10333333333333,poverty,0.533747597243276,2.0
935,936,poves,0.587903277,4.032245,5.2024364,5.0045753,3.972892,4.1085102,4.032245,5.0045753,2,5.57625,phenomenal,0.546347574292202,7.11
936,937,povya,0.616090301,4.5437354,5.2773898,4.8921069,4.8467811,4.9121609,4.5437354,4.8921069,2,5.38,viola,0.592442164312842,6.2
937,938,powzed,0.550042132,7.7938636,5.2289103,7.3707423,6.6735339,6.8130455,7.365294,5.483913,2,5.7925,unaffected,0.513296551528317,4.84
938,939,poyings,0.56528232,4.7225611,5.021829,4.9441483,5.0353114,5.1243178,4.7225611,4.9441483,3,5.037,usage,0.587607709809948,5.1
939,940,pradging,0.467420798,5.4676702,4.8323797,5.35644,5.3901749,5.3456614,5.4676702,5.35644,2,4.40333333333333,chilling,0.549300680701204,4.67
940,941,pralse,0.647450628,5.8290416,5.1057603,4.8975658,6.0742029,6.1043753,5.8290416,4.8975658,1,7.65,chocolate,0.461775223135776,7.63
941,942,pramboos,0.565407058,5.4683924,5.0574143,5.1217788,5.4802817,5.5188938,5.4683924,5.1217788,3,6.235,aquamarine,0.556300240959727,6.4
942,943,prean,0.654007942,7.2856079,5.2155103,5.3620611,7.3809571,7.4028592,7.2856079,5.3620611,2,5.438125,excuse,0.536112520173072,4.52
943,944,prearking,0.487437907,5.0785549,5.0190664,5.4544396,5.1454581,5.1843648,5.0785549,5.4544396,2,4.56,configuration,0.511600873196576,4.58
944,945,prebupt,0.378693061,7.1412326,4.9970449,5.9052165,6.7713179,6.7437211,7.1412326,5.9052165,3,5.643125,decent,0.539562553478627,6.27
945,946,precoys,0.605743894,5.9860383,5.0888198,5.2645823,5.9457728,6.0223743,5.9860383,5.2645823,2,6.84,principles,0.585983455911074,5.45
946,947,preemful,0.597992493,6.5261256,5.1624878,5.6257038,6.3705741,6.4851929,6.5261256,5.6257038,3,5.96833333333333,combination,0.532575280879652,5.47
947,948,preepy,0.525735558,4.9982982,5.2580723,4.7953125,5.3286648,5.4124097,4.9982982,4.7953125,1,3.74,fantastic,0.451962347424256,8.36
948,949,prefting,0.559310915,4.9381791,5.0687945,5.3417358,4.7853881,4.8784455,4.9381791,5.3417358,2,6.16,varying,0.572780061673741,5.35
949,950,premiege,0.668390483,6.4024339,5.2788835,4.9920797,6.6796092,6.8110422,6.4024339,4.9920797,1,6.47,cottage,0.647123905845304,6.63
950,951,premp,0.582154573,6.409147,5.1910808,5.0189521,6.4817446,6.4070977,6.409147,5.0189521,1,5.29,voltage,0.554052428045344,4.96
951,952,prepond,0.571885828,6.3602166,5.0235014,5.0722181,6.6210065,6.6165869,6.3602166,5.0722181,2,5.165,corresponding,0.478792828003982,5.1
952,953,prerchy,0.524906619,6.6533695,5.0910283,4.9501283,6.8167334,6.8430591,6.6533695,4.9501283,2,5.32333333333333,service,0.575326726200024,6.83
953,954,prib,0.550546675,8.2115421,5.0375748,5.3483955,8.2593766,8.2235901,8.2115421,5.3483955,1,5.46333333333333,bedroom,0.566641611344147,7.0
954,955,prily,0.531771456,7.1798567,5.0972529,5.1654235,7.2485785,7.293425,7.1798567,5.1654235,1,4.42,way,0.557597903108296,5.91
955,956,prirt,0.470157444,7.4553123,5.0139535,5.6046585,7.5176916,7.4123593,7.4553123,5.6046585,1,5.65,type,0.515451325071145,6.06
956,957,procians,0.466083277,5.4637715,5.0245864,4.8086644,5.5625862,5.6024618,5.4637715,4.8086644,3,4.88428571428571,people,0.488345924769769,5.7
957,958,prockack,0.368517036,4.1614682,5.0030435,4.1854432,4.4338762,4.426093,4.1614682,4.1854432,3,5.38,leakage,0.465815364496058,3.52
958,959,prockils,0.468655611,4.1186707,4.9284644,4.09156,4.4482752,4.512828,4.1186707,4.09156,3,5.235,output,0.606718196769452,4.85
959,960,propeaned,0.501551484,5.9882515,5.1301167,5.1361006,5.8945079,5.9531336,5.9882515,5.1361006,2,4.26,inspired,0.512166442615325,6.89
960,961,prummered,0.410532314,5.7794171,4.9217498,4.9629162,5.7023835,5.7719819,5.7794171,4.9629162,3,6.5,spunky,0.511659467661096,5.55
961,962,pruncils,0.534625282,3.9550824,4.8519809,3.8198343,4.4658321,4.5228003,3.9550824,3.8198343,3,5.695,kickboxing,0.553858692137956,5.33
962,963,pseuding,0.521672977,4.7214338,4.7675514,4.2773019,4.974616,4.9362622,4.7214338,4.2773019,2,3.735,problematic,0.528621747150386,2.58
963,964,pubrel,0.470641082,6.0740359,5.033946,5.2741751,6.2664142,6.3575188,6.0740359,5.2741751,2,5.4,hotel,0.571585308308402,6.6
964,965,pulates,0.486527442,5.8203369,5.0400466,4.8892474,5.8550463,5.9908953,5.8203369,4.8892474,2,5.345,deduce,0.560388527407475,5.29
965,966,punsies,0.62079582,4.2851293,4.8927132,4.9359712,4.3070172,4.3125395,4.2851293,4.9359712,2,6.38,misconception,0.548385292025055,3.65
966,967,punstack,0.566728892,4.8604941,4.8549755,4.5332662,5.0257319,4.9875694,4.8604941,4.5332662,3,5.49333333333333,conflicting,0.512807104734391,3.5
967,968,puntol,0.446391619,6.4761157,5.0853726,4.8598798,6.8299698,6.7809041,6.4761157,4.8598798,2,4.385,touchdown,0.545525266928316,7.11
968,969,pupgar,0.617709578,8.3337521,5.0161481,7.8456183,6.6503413,6.5864849,8.3337521,7.8456183,2,5.06,upgrade,0.512969408579333,7.11
969,970,purbits,0.493813035,6.0305308,4.7918353,5.1644072,5.7659268,5.751627,6.0305308,5.1644072,2,6.57,suitable,0.520257540388134,5.7
970,971,purfuced,0.358290253,5.5011901,4.7797098,5.3522472,5.3771147,5.4326085,5.5011901,5.3522472,2,6.4,troubled,0.518139106623126,3.11
971,972,pusthin,0.487596857,5.6559812,4.8913036,5.4052329,5.574589,5.4726673,5.6559812,5.4052329,2,5.68,purple,0.559446126916122,5.6
972,973,puychers,0.481799729,6.6937628,4.9394068,6.5616284,5.6493729,5.7328722,6.6937628,6.5616284,3,5.11625,people,0.574443756596655,5.7
973,974,puyfred,0.280861067,7.7758848,4.8882223,7.8880191,6.3640151,6.4106055,7.7758848,7.8880191,3,5.088,bozo,0.614379913838684,4.35
974,975,pycran,0.490673801,4.9354043,5.1091594,4.4444785,5.0037652,5.1578603,4.9354043,4.4444785,2,5.565,bearded,0.61243148179055,5.67
975,976,pydin,0.530819322,5.65296,4.9453077,4.7359601,6.2462365,6.2644612,5.65296,4.7359601,2,4.2,shoemaker,0.597707833148312,5.86
976,977,pyniack,0.456278656,3.7684798,5.0775155,4.097282,4.2792495,4.4101823,3.7684798,4.097282,3,4.50076923076923,malarkey,0.606762454535438,4.45
977,978,pyniale,0.508198836,4.3877534,5.2471346,4.6524999,4.8997194,5.0612743,4.3877534,4.6524999,2,4.15,lilac,0.561768026939091,6.95
978,979,pyniard,0.471593736,4.4973436,4.920182,4.2310454,5.1909953,5.2378977,4.4973436,4.2310454,3,5.61,duke,0.577430919818988,4.8
979,980,pynprus,0.459825844,5.1296489,4.886235,3.546782,6.0753019,6.1089863,5.1296489,3.546782,3,3.26,fuchsia,0.554298882259242,5.14
980,981,pynskus,0.442603658,4.1509559,4.754955,3.9908379,5.062388,5.0884916,4.1509559,3.9908379,3,4.91,huffy,0.695692111692097,4.24
981,982,pysby,0.509861045,5.4848042,4.977413,4.6147111,5.6723216,5.638095,5.4848042,4.6147111,2,3.9175,viola,0.572885772256372,6.2
982,983,quimners,0.598274275,4.9544192,5.0444427,4.2211357,5.5851633,5.6236236,4.9544192,4.2211357,3,3.735,adjacent,0.607860669229449,5.15
983,984,radret,0.467810285,7.0003204,4.9431342,5.3193209,6.7122845,6.6080323,7.0003204,5.3193209,2,4.965,cockeyed,0.587329374963964,3.95
984,985,ragtif,0.446266669,6.9977072,5.0502126,5.5535603,6.6702544,6.7135937,6.9977072,5.5535603,2,5.065,nincompoop,0.54147690412086,5.0
985,986,ralein,0.504670335,6.3382571,5.2007363,5.1913905,6.306327,6.3511006,6.3382571,5.1913905,2,5.396,move,0.514264001628731,4.95
986,987,ralp,0.446574082,8.9377154,5.1540451,5.1667691,9.0760968,9.0298865,8.9377154,5.1667691,1,5.275,car,0.552390512158084,6.63
987,988,rampnit,0.410104094,5.7781869,5.0899197,5.0834481,5.7530378,5.7970969,5.7781869,5.0834481,2,4.5,backup,0.566755703896797,5.85
988,989,ranooned,0.611073584,5.7456312,5.0985199,5.1230882,5.5835734,5.629375,5.7456312,5.1230882,2,5.13,run,0.547738249168208,6.41
989,990,ransede,0.423298217,6.1260636,4.9735154,5.02616,5.9597359,5.9882821,6.1260636,5.02616,3,4.6,run,0.51097983421724,6.41
990,991,rapwring,0.45112878,4.91653,5.0301127,4.9183773,5.0290442,5.087907,4.91653,4.9183773,3,5.41375,kickboxing,0.529894653169515,5.33
991,992,rarb,0.511767723,8.4188413,5.0341206,5.0863043,8.5806155,8.3551869,8.4188413,5.0863043,1,6.05,suitable,0.488893531900717,5.7
992,993,rareme,0.60541423,6.0136444,5.2497698,5.3450701,5.9484048,6.01087,6.0136444,5.3450701,2,5.125,similar,0.483861905030779,5.86
993,994,rargo,0.606233939,6.4468081,5.10334,5.0843434,6.5155213,6.5154093,6.4468081,5.0843434,1,5.21,problematic,0.539592681504433,2.58
994,995,rattels,0.548093404,5.1302348,5.040357,4.4233174,5.4484773,5.4842158,5.1302348,4.4233174,2,3.935,fuchsia,0.588948381186487,5.14
995,996,ratux,0.465878481,7.9811303,4.9580027,5.8100978,8.0112123,7.9720379,7.9811303,5.8100978,2,4.38285714285714,ratio,0.547184179868502,4.68
996,997,rauds,0.488879864,4.2060988,4.7538897,4.7363419,4.0760093,4.0638476,4.2060988,4.7363419,2,3.29166666666667,abuse,0.559483034803208,1.53
997,998,rayor,0.585065114,8.1807552,5.1437791,5.5791443,8.2014205,8.1909986,8.1807552,5.5791443,1,4.745,mayor,0.497029266430742,4.59
998,999,realan,0.564352252,6.6625857,5.2506044,5.3192075,6.6896257,6.7736713,6.6625857,5.3192075,2,5.925,ideal,0.500520516162146,6.63
999,1000,rebio,0.538059547,6.9457538,5.1620794,5.6788206,6.7609171,6.7211983,6.9457538,5.6788206,2,5.10230769230769,answer,0.517051764766239,6.1
1000,1001,rebrites,0.617513229,5.4847688,4.9735906,5.5038687,5.2147111,5.2384045,5.4847688,5.5038687,2,4.2,replacement,0.552029870780499,5.45
1001,1002,reclomb,0.513148458,5.4709785,5.1471633,4.9111181,5.3727763,5.3827648,5.4709785,4.9111181,3,5.18785714285714,mozzarella,0.513913277580859,7.19
1002,1003,redrel,0.54119275,6.416653,5.0140693,5.5198387,5.9606694,5.9885737,6.416653,5.5198387,2,4.82857142857143,killing,0.496906325038296,1.95
1003,1004,reduls,0.499273513,5.5102978,4.7894251,4.5387544,5.5632328,5.5511293,5.5102978,4.5387544,2,5.605,viola,0.54237135938557,6.2
1004,1005,refamb,0.508629802,7.1654551,5.150884,5.0212948,6.8370113,6.9481223,7.1654551,5.0212948,2,3.19,knit,0.521108974845707,5.85
1005,1006,reglief,0.679753122,6.4240373,5.1941703,4.9468567,6.4849487,6.5705546,6.4240373,4.9468567,1,6.63,essence,0.588443242445123,6.75
1006,1007,rejawed,0.350976578,6.2676803,5.0490045,4.3675679,6.3178753,6.3749526,6.2676803,4.3675679,2,7.25,inspired,0.530343866443652,6.89
1007,1008,relocts,0.533079103,5.248244,5.0618457,5.288792,4.9536813,5.0592205,5.248244,5.288792,2,4.05,relocate,0.569432958936182,4.05
1008,1009,renute,0.574857567,6.7830672,5.1359042,5.3086679,6.6795424,6.6893212,6.7830672,5.3086679,1,4.37,escape,0.52597364604684,5.5
1009,1010,repcor,0.529844097,7.5251739,5.158333,6.8293149,6.7772581,6.7666722,7.5251739,6.8293149,2,5.1,bike,0.518843771348905,6.1
1010,1011,repebs,0.492882341,5.9757595,5.0785881,4.9196726,5.9319046,5.9190051,5.9757595,4.9196726,2,4.828,separate,0.538353349571939,3.95
1011,1012,repove,0.517219555,5.991632,5.3380482,4.896546,6.300227,6.4165439,5.991632,4.896546,1,4.605,shocking,0.551907657041163,4.63
1012,1013,rerake,0.491485725,5.84017,5.1765758,5.2556131,5.5748995,5.6136191,5.84017,5.2556131,1,4.29,viola,0.541872957000885,6.2
1013,1014,resapse,0.328478927,4.8256305,5.06137,4.8758025,4.942303,4.9011222,4.8256305,4.8758025,1,2.91,viola,0.543699256324866,6.2
1014,1015,restood,0.573885616,6.4440544,4.9391241,5.4349036,6.4571778,6.3900115,6.4440544,5.4349036,2,5.312,work,0.511162636528145,5.05
1015,1016,restruke,0.411642883,4.3260496,4.8972436,3.8896446,4.8535305,4.8270785,4.3260496,3.8896446,3,4.89,disconnect,0.541910249694234,3.81
1016,1017,resule,0.573566971,7.4785416,5.0615539,5.378149,7.5037565,7.5472411,7.4785416,5.378149,1,5.5,hotel,0.559985210714132,6.6
1017,1018,revrete,0.58804492,7.651424,5.276263,6.7567993,6.8280642,6.7567909,6.5535339,5.4579506,2,4.752,run,0.499898075176535,6.41
1018,1019,rewbor,0.601897113,8.0076592,5.1296185,5.9467466,7.6727885,7.6204791,8.0076592,5.9467466,2,6.535,shorthand,0.622250107474166,4.9
1019,1020,rewik,0.509785905,5.936082,5.1223854,5.4592914,5.8414778,5.9251511,5.936082,5.4592914,2,4.86666666666667,able,0.547354206069041,6.64
1020,1021,rhizave,0.500275212,7.174912,5.3432186,5.7664225,6.5884848,6.7234586,7.174912,5.7664225,3,4.908,nitrogen,0.565311637902691,4.6
1021,1022,ribnier,0.563646807,4.9616932,5.0255476,3.586651,5.7873623,5.7548093,4.9616932,3.586651,2,4.95,elk,0.559015660392067,5.81
1022,1023,riegles,0.470678243,5.0475354,5.0869476,4.9366215,5.0131977,5.1170915,5.0475354,4.9366215,3,5.511,viola,0.602990346602659,6.2
1023,1024,rirnian,0.581549949,6.537655,5.0411623,5.3274621,6.2232723,6.2096908,6.537655,5.3274621,3,4.9775,skittish,0.588111508265879,4.27
1024,1025,roachup,0.212643938,6.4129417,5.0742943,5.3985312,6.235315,6.2405395,6.4129417,5.3985312,2,2.19,breakfast,0.51706602820562,7.39
1025,1026,roafen,0.4798987,6.5539518,5.2529074,5.457519,6.1817703,6.2202414,6.5539518,5.457519,2,4.495,suede,0.549360730024026,5.36
1026,1027,rolas,0.612486914,5.8381127,5.0842195,4.8585887,5.8977868,5.8888985,5.8381127,4.8585887,2,5.52588235294118,size,0.522383221830473,5.61
1027,1028,roosstep,0.577833597,5.2169648,5.0115267,4.6358975,5.4637741,5.3774735,5.2169648,4.6358975,2,5.335,manner,0.599582054139925,5.86
1028,1029,ropger,0.480018557,7.7680206,5.137374,7.6300497,6.1251868,6.0451464,7.7680206,7.6300497,2,4.85739130434783,brake,0.539568128495975,4.9
1029,1030,ropgred,0.394391088,8.243731,4.9382678,7.5224821,6.6416797,6.5080016,8.243731,7.5224821,3,4.58,beef,0.562958118372861,6.11
1030,1031,rorl,0.551175826,8.1357442,5.1132159,5.2344872,8.4178929,8.4215752,8.1357442,5.2344872,1,5.72,bullpen,0.555280818257165,5.15
1031,1032,rorsts,0.424359747,5.0806957,4.8390958,5.217416,4.8585241,4.8046265,5.0806957,5.217416,2,5.45,incomparable,0.601842410330902,4.71
1032,1033,rotger,0.478971625,5.2467245,5.1073703,4.9851994,5.6002896,5.5696918,5.2467245,4.9851994,2,4.92894736842105,variation,0.510929965235026,5.53
1033,1034,rubnies,0.611394099,3.9818648,4.8902016,2.7545476,5.051822,5.0752018,3.9818648,2.7545476,2,2.17,overlapping,0.524794184098657,4.9
1034,1035,ruckgroof,0.418528297,4.7804799,4.9122249,5.1538936,5.4475526,5.4174186,4.7804799,5.1538936,3,5.53,nincompoop,0.525444918924385,5.0
1035,1036,rumbness,0.461959003,4.0850082,4.7842767,2.2851735,5.2146104,5.1767838,4.0850082,2.2851735,2,2.57,snowstorm,0.554830972013987,3.55
1036,1037,runcils,0.506960154,4.1487378,4.8573769,3.7046128,4.6271894,4.691673,4.1487378,3.7046128,3,5.06833333333333,kickboxing,0.561516948257221,5.33
1037,1038,rurb,0.535619966,7.6439174,4.9114955,4.649062,7.5741175,7.387834,7.6439174,4.649062,1,5.64,girl,0.536687292717061,7.15
1038,1039,ruscet,0.53699042,6.5493679,4.930622,4.6788433,6.7047357,6.6202473,6.5493679,4.6788433,2,3.972,outcome,0.555360004648931,5.62
1039,1040,ruxgle,0.381154186,7.2091279,4.9815746,6.8572479,5.9824505,6.101784,6.1303027,5.4595785,2,4.88625,purple,0.625795716845651,5.6
1040,1041,sabued,0.479734938,7.5924111,4.815134,5.2779772,7.5397078,7.532922,7.5924111,5.2779772,2,5.268,devoted,0.547761426471604,7.16
1041,1042,sabuged,0.426554727,7.7882934,4.7677708,4.8868116,7.8488259,7.822276,7.7882934,4.8868116,3,5.1075,impressed,0.557321979676025,6.66
1042,1043,sabuy,0.610373093,8.7764786,4.9342934,6.7272228,8.0387529,8.0207798,8.7764786,6.7272228,2,5.26,killer,0.550852824100275,1.74
1043,1044,sackthoks,0.347133696,6.5876822,4.8012527,6.0266563,6.0796868,5.9825168,6.5876822,6.0266563,4,5.0,recipe,0.58985329832198,6.85
1044,1045,sakply,0.547048834,7.7166777,5.0104451,5.5879834,7.7004902,7.6135489,7.7166777,5.5879834,2,5.115,combination,0.582395883554414,5.47
1045,1046,saky,0.674232548,7.9617455,5.0197356,4.9511885,8.0819166,7.9896298,7.9617455,4.9511885,1,5.4175,sake,0.508245679753212,5.28
1046,1047,salcees,0.537413332,6.1725823,5.0951857,5.0434697,6.2270689,6.2713655,6.1725823,5.0434697,3,5.7395,swimming,0.583587841495615,7.2
1047,1048,salgy,0.444585037,6.4867873,5.0425647,5.4612688,6.1447942,6.1707253,6.4867873,5.4612688,1,3.86,smack,0.613325600956259,3.95
1048,1049,sallspoid,0.516855837,4.4890209,4.7969583,4.2736145,5.0715463,4.9461802,4.4890209,4.2736145,4,4.065,rectangular,0.547329459131262,5.25
1049,1050,samry,0.632316262,7.1948108,5.0342113,5.4529644,6.6607807,6.6733461,7.1948108,5.4529644,2,5.42076923076923,aquamarine,0.530300263713796,6.4
1050,1051,samuy,0.580175116,8.0717399,5.0038973,6.8083755,7.306502,7.3459361,8.0717399,6.8083755,2,4.92909090909091,super,0.588894064957401,7.05
1051,1052,sarian,0.615881437,6.5708286,5.0438934,5.1729662,6.5299163,6.5178281,6.5708286,5.1729662,2,4.25,veggie,0.519609925763059,6.47
1052,1053,sarmly,0.631385932,8.0073133,5.0303167,6.1303368,7.1415931,7.2219144,8.0073133,6.1303368,2,5.08333333333333,methodology,0.580774187644136,4.84
1053,1054,sarmo,0.518853603,8.2636031,5.0872212,5.4284387,8.451081,8.364135,8.2636031,5.4284387,2,5.15692307692308,separate,0.56608824954967,3.95
1054,1055,sarmy,0.424713675,7.5669147,5.0342113,5.160554,7.7298897,7.7179536,7.5669147,5.160554,1,4.65,government,0.519725562698629,3.78
1055,1056,sarty,0.437633698,7.1047943,4.9997044,5.4153873,7.272426,7.1518961,7.1047943,5.4153873,1,6.2975,multiple,0.505810552397263,5.0
1056,1057,satbe,0.50517385,6.9374623,5.0678728,4.8339829,7.266686,7.1750526,6.9374623,4.8339829,2,5.55147058823529,be,0.527452233530096,6.18
1057,1058,satly,0.51090122,8.6478909,5.0545283,4.9250446,8.7535021,8.7589213,8.6478909,4.9250446,1,5.1,be,0.580540272978723,6.18
1058,1059,sayors,0.540843403,7.2116329,4.9598825,5.4807911,7.2474606,7.2673429,7.2116329,5.4807911,2,5.645,girlfriend,0.580016678406764,7.56
1059,1060,scantawls,0.391021249,4.7687164,4.9418634,4.0698905,4.7971254,4.8947742,4.7687164,4.0698905,3,3.63,output,0.607550421217908,4.85
1060,1061,sceggres,0.388149874,4.9864835,4.9120428,4.3563432,5.0704199,5.0753092,4.9864835,4.3563432,4,5.09,combination,0.528129289933756,5.47
1061,1062,scere,0.49774356,8.1585446,5.1280767,5.2677913,8.1888016,8.1200343,8.1585446,5.2677913,1,5.33,deduce,0.490018226910311,5.29
1062,1063,scerny,0.504839516,7.0839632,5.0326779,5.1643052,6.8847323,6.8803313,7.0839632,5.1643052,2,4.293,concern,0.517299231812619,5.05
1063,1064,schoying,0.393205939,4.834614,4.9865261,4.5132026,5.3209342,5.3398167,4.834614,4.5132026,2,6.2,viola,0.491887464192838,6.2
1064,1065,sciller,0.512161715,5.3935134,5.0309895,4.8522396,5.4086875,5.4347948,5.3935134,4.8522396,2,5.22875,different,0.510221763071618,5.91
1065,1066,scispre,0.452495299,4.2731785,4.9120751,5.0326361,4.4356701,4.4306287,4.2731785,5.0326361,3,5.375,enhancement,0.574311582182724,6.29
1066,1067,scrule,0.31187938,6.2070211,4.9621271,4.3637807,6.3733096,6.3586979,6.2070211,4.3637807,2,4.33375,noodle,0.525132967737634,6.48
1067,1068,scruped,0.449851688,6.1304552,4.7615195,4.3970045,6.0131061,5.9632439,6.1304552,4.3970045,2,4.275,annoyed,0.531359315927497,2.8
1068,1069,sculps,0.563313379,5.2210948,4.8211193,4.3161977,5.329269,5.3516573,5.2210948,4.3161977,2,3.75,viola,0.519296096811923,6.2
1069,1070,seave,0.600545121,7.9497357,5.2683619,5.4158047,7.994687,8.0348382,7.9497357,5.4158047,1,4.9,terrace,0.539464428233043,5.33
1070,1071,secruds,0.419493894,4.1564671,4.645608,4.1777918,4.2230911,4.1829155,4.1564671,4.1777918,3,5.04785714285714,cheese,0.614089281036642,6.81
1071,1072,sedsom,0.490052469,4.1723882,4.864956,5.0722111,4.1451521,4.0095292,4.1723882,5.0722111,2,5.655,chickenpox,0.575717130589833,2.76
1072,1073,sedtaps,0.475641488,5.0945428,4.81256,4.3935884,5.4823993,5.4389473,5.0945428,4.3935884,3,4.42333333333333,antibiotics,0.553305539990648,5.05
1073,1074,sefen,0.550660672,7.7757691,5.1836624,5.1866258,7.4578029,7.555357,7.7757691,5.1866258,1,4.375,kimono,0.615305106771068,5.9
1074,1075,segrance,0.555565671,5.4400714,5.0988541,4.8150156,5.4682756,5.5079209,5.4400714,4.8150156,2,3.89,improvement,0.500425854104192,6.53
1075,1076,seniule,0.469273143,6.1945138,5.0885448,5.5803501,5.9029879,5.9392754,6.1945138,5.5803501,1,3.14,fit,0.527474541657734,6.28
1076,1077,septen,0.542184656,6.5109996,5.1569515,5.1389635,6.5173992,6.5065499,6.5109996,5.1389635,2,5.03,southwest,0.569374286492782,5.8
1077,1078,sevu,0.601376601,7.0703477,5.0727141,4.3384857,7.7301066,7.6164333,7.0703477,4.3384857,2,5.53133333333333,myriad,0.545934805093171,5.52
1078,1079,sewel,0.548336756,6.0078531,5.2192867,5.3123654,6.1013866,6.1704774,6.0078531,5.3123654,1,4.79,beef,0.500328659729265,6.11
1079,1080,shalders,0.487639568,5.3433888,4.776448,4.7509912,5.4686762,5.467067,5.3433888,4.7509912,3,4.68461538461538,shall,0.598282340179233,5.86
1080,1081,shalicts,0.425271874,5.1578138,4.8831705,5.0449407,5.1738142,5.196206,5.1578138,5.0449407,3,5.28,fuchsia,0.596175212088885,5.14
1081,1082,shalid,0.477138577,5.5144395,4.8671757,4.8461828,5.7058817,5.7188424,5.5144395,4.8461828,2,5.07833333333333,suitable,0.502127638308868,5.7
1082,1083,shaulty,0.403240315,6.9685336,4.9512011,4.5902793,7.3053919,7.3204366,6.9685336,4.5902793,2,3.90666666666667,run,0.53211760942944,6.41
1083,1084,shedels,0.460177116,5.2652275,4.8745963,4.2712299,5.6414865,5.6459021,5.2652275,4.2712299,3,5.38764705882353,combat,0.568160174521941,2.95
1084,1085,sheights,0.430682127,6.2510242,4.8912413,5.2496839,6.2199959,6.1535099,6.2510242,5.2496839,2,5.24,size,0.514236482957934,5.61
1085,1086,shickyand,0.454725208,6.1375133,4.7482031,4.6505258,6.4588381,6.3525117,6.1375133,4.6505258,3,4.335,tangerine,0.56341925402542,6.81
1086,1087,shipgruck,0.226804844,8.1706191,4.7355827,7.2176385,6.6079938,6.4665994,8.1706191,7.2176385,2,3.84,husband,0.520171001349478,7.41
1087,1088,shirm,0.533923686,6.7418999,4.9769725,5.3681263,6.6291948,6.5785316,6.7418999,5.3681263,1,5.67,reduce,0.496273628336613,5.1
1088,1089,shockils,0.385499489,3.8396369,4.8569765,3.8287664,4.2250094,4.2201917,3.8396369,3.8287664,2,4.63,hurt,0.572155155450683,2.45
1089,1090,shonchos,0.560660967,5.4735876,4.9675724,4.5176375,5.7990233,5.8349828,5.4735876,4.5176375,2,5.0,compatible,0.563736124071588,6.29
1090,1091,shooply,0.654784419,5.5332674,5.1288162,5.1750489,5.4531969,5.5552429,5.5332674,5.1750489,2,5.67,variety,0.549926127594907,6.41
1091,1092,shopial,0.665653691,6.0939014,5.1069717,4.754021,6.0647832,6.0964109,6.0939014,4.754021,2,6.08,supposed,0.580445732838186,5.41
1092,1093,shorgers,0.428412124,5.7193956,4.8858602,4.515086,5.9355012,5.8603153,5.7193956,4.515086,3,4.806875,outskirts,0.557481524198493,5.0
1093,1094,shorgled,0.467337176,6.307556,4.8628854,4.6536729,6.5185363,6.4406885,6.307556,4.6536729,3,4.552,rejected,0.551880328678869,2.4
1094,1095,showl,0.425879928,7.1937101,5.1050325,4.8676971,6.8646743,6.8202927,7.1937101,4.8676971,1,4.835,plummet,0.595081913641853,3.95
1095,1096,showzest,0.69886572,7.4219791,5.141103,7.1884765,6.4511015,6.4286019,6.9934095,5.3016472,3,6.504,show,0.449883100639699,5.91
1096,1097,shremmer,0.53103517,5.9638588,5.0796821,4.9547126,5.8004929,5.8124853,5.9638588,4.9547126,2,5.315,person,0.542401132921543,6.1
1097,1098,shubdoids,0.382097112,4.6822389,4.4036207,3.2982295,5.2890563,5.0530572,4.6822389,3.2982295,4,4.19,grandma,0.538517802657438,7.5
1098,1099,shubdoint,0.521561945,4.6103894,4.6731826,3.7201935,5.0907908,4.8621151,4.6103894,3.7201935,3,3.57,multiple,0.559833626811615,5.0
1099,1100,shustier,0.514620154,5.6680808,4.8051484,5.0462484,5.7337907,5.6636394,5.6680808,5.0462484,2,4.21333333333333,trouble,0.528633686061607,2.87
1100,1101,sibit,0.56720245,8.1479136,4.9287066,5.1976488,8.1705376,8.0623208,8.1479136,5.1976488,2,5.14722222222222,guy,0.589781030893942,6.55
1101,1102,sibre,0.624976643,7.5854665,4.994686,5.6781068,7.6173792,7.4789422,7.5854665,5.6781068,1,5.38,son,0.537154560890145,6.91
1102,1103,sifed,0.513840403,6.4996454,4.9107102,5.0683977,6.3258583,6.3129768,6.4996454,5.0683977,2,5.50315789473684,inverted,0.517019046915087,4.91
1103,1104,silths,0.459260027,3.9147515,4.875982,4.1704713,4.0917717,3.9856671,3.9147515,4.1704713,2,3.02,clientele,0.546995359842543,5.1
1104,1105,sipad,0.542139795,7.5154346,4.879969,5.2369095,7.7041962,7.6167209,7.5154346,5.2369095,2,4.93384615384615,reprieve,0.518374578271603,4.95
1105,1106,sipal,0.579238853,7.2404958,5.0751806,5.4390294,7.3352478,7.3506367,7.2404958,5.4390294,2,4.94476190476191,daughter,0.570706800036163,6.73
1106,1107,sipot,0.500633065,7.1346705,5.0561686,5.3568118,7.2072772,7.1175129,7.1346705,5.3568118,1,5.12,blend,0.529780223458681,5.63
1107,1108,siseals,0.595125774,4.8326187,4.9109842,4.5075556,5.1586887,5.170464,4.8326187,4.5075556,3,4.49333333333333,kids,0.57174959224783,6.48
1108,1109,sivicine,0.529051621,6.2561473,5.071064,5.4529969,6.2982574,6.3133417,6.2561473,5.4529969,2,4.26,musical,0.551617691327655,7.68
1109,1110,skaxness,0.44035135,7.6896761,4.7607144,6.1291083,6.8137773,6.6954562,6.5906424,4.7547265,2,2.4,output,0.535553618781128,4.85
1110,1111,skeb,0.44612956,7.3894356,4.995593,5.3132922,7.2961821,7.2161839,7.3894356,5.3132922,2,4.94880952380952,picture,0.560004328109627,6.73
1111,1112,skeded,0.46943091,7.6107971,4.7409002,4.9912212,7.6644265,7.5976257,7.6107971,4.9912212,2,5.614,document,0.569488643147938,5.42
1112,1113,skibfy,0.500974089,8.0542933,4.885286,7.0878882,6.5123202,6.5602012,7.2123572,6.0213059,2,5.45333333333333,ski,0.49777058340285,5.91
1113,1114,skiyr,0.592116673,7.2400013,4.9111491,6.4921521,6.7018315,6.6489861,7.2400013,6.4921521,1,5.76,occipital,0.624857554743678,4.45
1114,1115,slairles,0.444368773,5.1288508,4.9696788,4.7582933,5.1468316,5.2206986,5.1288508,4.7582933,3,5.322,defeated,0.540928334472397,2.59
1115,1116,slakh,0.478781554,7.3164387,5.0084704,4.332229,7.6872487,7.6384558,7.3164387,4.332229,1,4.85,million,0.58210506743727,7.55
1116,1117,slearting,0.430464088,4.6795677,4.9966659,4.6604708,4.8400587,4.8121689,4.6795677,4.6604708,2,5.33,new,0.569582543451826,7.68
1117,1118,slifting,0.461326301,4.9225481,4.9184087,4.5656024,5.0338191,5.0426674,4.9225481,4.5656024,2,6.31,running,0.478296118309192,6.53
1118,1119,slod,0.29018256,7.7605901,4.9102391,4.3965737,8.3216387,8.1791201,7.7605901,4.3965737,1,4.31428571428571,showcase,0.56077861096304,6.29
1119,1120,slonients,0.480277823,4.8036575,4.9784812,4.7267514,4.8807399,4.8534121,4.8036575,4.7267514,3,5.655,problematic,0.532531796591969,2.58
1120,1121,sloursless,0.28659061,5.2198802,4.6668001,3.3752742,5.73719,5.5612858,5.2198802,3.3752742,3,2.71,extension,0.559313591117391,5.0
1121,1122,slouways,0.422883947,6.5081274,4.9356559,5.9511583,5.3256388,5.3994201,5.259177,4.5765458,4,4.68588235294118,outskirts,0.592301120901106,5.0
1122,1123,sloying,0.367171175,3.7923238,5.0233304,3.8331427,4.5209837,4.6180544,3.7923238,3.8331427,2,4.275,essence,0.564652620775089,6.75
1123,1124,sludgers,0.254428258,4.8925064,4.6207544,4.0845547,5.1152722,5.0410106,4.8925064,4.0845547,2,3.81,clientele,0.543147046781614,5.1
1124,1125,sluses,0.571933769,4.9036635,4.8046346,4.3057335,4.8622047,4.8746669,4.9036635,4.3057335,2,4.055,mistress,0.544515970282564,3.86
1125,1126,smaggered,0.382760243,5.6808634,4.8933482,4.4885476,5.7616184,5.7547914,5.6808634,4.4885476,3,3.42,spunky,0.527937680100182,5.55
1126,1127,smamps,0.465951796,5.984941,4.9722574,4.50191,5.9179791,5.9778869,5.984941,4.50191,2,4.77,benefit,0.548121547587531,6.87
1127,1128,smapsick,0.464935689,4.7638319,4.8563838,4.1493645,5.037299,4.9442407,4.7638319,4.1493645,2,1.89,terrific,0.51850991953142,7.12
1128,1129,smeasasts,0.405995027,5.2252083,4.8071469,5.3420739,4.9757777,4.926336,5.2252083,5.3420739,4,5.08142857142857,improbable,0.591062627720015,4.05
1129,1130,smerding,0.44553647,4.9957406,4.8023685,4.6278046,5.1421541,5.1079328,4.9957406,4.6278046,2,4.785,disconcerting,0.549488847116663,3.58
1130,1131,smocy,0.539580537,8.8016458,5.0790187,4.975651,8.9575337,8.8003291,8.8016458,4.975651,1,4.49,skirt,0.533633189748496,6.14
1131,1132,smustcap,0.399386373,5.1596345,4.822314,4.515901,5.292857,5.2859241,5.1596345,4.515901,3,7.68,must,0.606780190716152,5.45
1132,1133,snabbled,0.442290309,4.5374525,4.8143231,4.3050493,4.7152418,4.7097034,4.5374525,4.3050493,3,4.89615384615385,available,0.516974294462116,6.86
1133,1134,snallox,0.392821324,4.5312764,5.0426903,4.250754,4.3777276,4.5594619,4.5312764,4.250754,2,3.81666666666667,impact,0.56076740033117,5.76
1134,1135,snidness,0.312568265,4.7257787,4.6512759,3.6360095,5.3269335,5.2233611,4.7257787,3.6360095,2,5.025,disdain,0.594675003771848,3.71
1135,1136,snools,0.54154794,4.4884845,5.0186715,4.1371784,4.9887672,5.0108937,4.4884845,4.1371784,2,4.65285714285714,suffer,0.59081117369661,2.05
1136,1137,snukebise,0.421360676,4.7511542,4.8265483,3.9594359,5.1577781,5.1056974,4.7511542,3.9594359,4,6.61333333333333,work,0.564145697510029,5.05
1137,1138,sobmered,0.405132047,5.5618985,4.930071,4.4248494,5.845905,5.785408,5.5618985,4.4248494,3,5.375,broken,0.558957130205317,2.75
1138,1139,sobsiers,0.414309446,4.3774275,4.7981569,4.4979818,4.4076981,4.3215714,4.3774275,4.4979818,3,4.99285714285714,ravenous,0.595627447186876,4.95
1139,1140,sodet,0.552088235,6.4894427,4.9517566,5.1469823,6.6337509,6.4898146,6.4894427,5.1469823,2,5.2828125,boot,0.560374978418129,5.3
1140,1141,soduat,0.480410082,5.7857451,4.8232943,5.4919492,5.6316916,5.4600038,5.7857451,5.4919492,2,5.06,mortgage,0.542310924873682,3.45
1141,1142,soglings,0.354545578,5.6332941,4.8615838,5.5979106,5.1802872,5.141087,5.6332941,5.5979106,3,5.90222222222222,variation,0.549953733091286,5.53
1142,1143,soniel,0.647880117,6.9142816,5.1506404,5.2722012,7.0796641,7.0642301,6.9142816,5.2722012,2,5.05428571428571,daughter,0.524804593971012,6.73
1143,1144,sonples,0.553304689,4.5374446,5.0402123,4.6328313,4.9305072,4.9269964,4.5374446,4.6328313,3,5.22578947368421,children,0.568128906999958,6.36
1144,1145,sonx,0.59101549,7.5835619,5.0168867,4.3177336,7.5050637,7.4741064,7.5835619,4.3177336,1,7.25,daughter,0.564334741339953,6.73
1145,1146,sopger,0.568667402,8.3401708,5.0747848,7.6763962,6.7383295,6.5995117,8.3401708,7.6763962,2,5.32764705882353,guy,0.539012530116328,6.55
1146,1147,sorquom,0.445891858,4.6759824,5.0953192,5.5302861,4.9450774,4.8816692,4.6759824,5.5302861,3,4.05666666666667,annoying,0.618234885291912,3.0
1147,1148,sorrips,0.546765138,3.9556259,4.8528241,4.2812342,4.0650894,4.0333378,3.9556259,4.2812342,3,4.09285714285714,sorry,0.570468165671742,4.81
1148,1149,sowesh,0.486011875,7.2036229,5.0606422,5.1598885,7.4142401,7.434649,7.2036229,5.1598885,2,5.79,deduce,0.562569581671489,5.29
1149,1150,sowly,0.487242192,8.3075999,5.1124031,5.0491052,8.004501,8.0475423,8.3075999,5.0491052,1,4.0,be,0.507793300400668,6.18
1150,1151,spackmalk,0.475662727,6.4441263,4.949578,5.3635815,6.1108116,6.1418771,6.4441263,5.3635815,3,6.14,stairway,0.569958528325831,5.62
1151,1152,spanscer,0.502437525,6.7390807,4.9464912,5.1615065,6.650487,6.6208911,6.7390807,5.1615065,2,4.14,avoid,0.518033076920069,4.1
1152,1153,spapscing,0.464957558,5.0379924,4.8631522,4.5567726,5.2859582,5.2563646,5.0379924,4.5567726,2,5.21,engineering,0.609396915860739,6.0
1153,1154,spearn,0.487591602,6.242609,5.0942028,5.3778383,6.1684621,6.2349505,6.242609,5.3778383,1,4.43,play,0.494861982160949,7.55
1154,1155,speathlier,0.541669021,5.8363652,5.1128131,4.9221344,6.0488343,5.9992915,5.8363652,4.9221344,4,5.54,four,0.568218248873047,5.26
1155,1156,spechy,0.545732147,5.3980801,5.0871576,5.1635304,5.5031932,5.4861913,5.3980801,5.1635304,2,5.32444444444444,wicked,0.524384254765203,2.63
1156,1157,spever,0.493637071,6.970992,5.1706548,5.0936607,7.0635973,7.0666954,6.970992,5.0936607,1,3.52,run,0.49731947326914,6.41
1157,1158,spevs,0.516803305,8.3540232,5.035043,6.4917257,7.654324,7.6518375,7.3073027,5.271082,1,5.16,people,0.549279374992405,5.7
1158,1159,spibfy,0.595729056,7.6996089,4.9539768,6.8137226,6.2200741,6.224369,6.8576728,5.7471403,1,6.35,hand,0.569762095391455,5.9
1159,1160,spiekes,0.391397419,5.5558871,4.9961334,5.3605787,5.4872804,5.5024748,5.5558871,5.3605787,2,4.23,speckled,0.580817990307596,5.78
1160,1161,spillstones,0.524659138,4.5349784,4.8633352,4.2218852,4.9548335,4.8714223,4.5349784,4.2218852,3,4.86,viola,0.498828494033678,6.2
1161,1162,splanium,0.482141256,5.8043877,4.9698033,5.4822723,5.7863805,5.8408239,5.8043877,5.4822723,2,5.48,trouble,0.46637042557018,2.87
1162,1163,splil,0.512711839,7.4405296,5.0376933,5.2869077,7.6369845,7.6155103,7.4405296,5.2869077,1,3.65333333333333,run,0.565535491393717,6.41
1163,1164,spombful,0.486862223,7.5206411,4.9294424,6.087829,6.6767949,6.6878222,6.678705,5.0212467,2,5.29,great,0.538392879775663,7.5
1164,1165,spowen,0.536191892,6.4608801,5.1753964,5.4242816,6.547068,6.608076,6.4608801,5.4242816,2,5.676,brother,0.573672879245531,6.18
1165,1166,spoying,0.51632507,4.7778772,5.021829,4.6818276,5.3667911,5.3958446,4.7778772,4.6818276,2,6.36333333333333,thing,0.475586362739981,5.55
1166,1167,spreated,0.508191706,5.6219497,4.9481718,5.2911012,5.5602675,5.5696721,5.6219497,5.2911012,2,4.87,spread,0.467171511367301,5.57
1167,1168,sprilt,0.639454087,7.1524725,4.9474699,4.9904184,7.3259313,7.2664682,7.1524725,4.9904184,1,5.67,week,0.586302748983745,5.27
1168,1169,sprinkays,0.725123,5.8771192,4.8025863,5.0309549,5.7716532,5.7303667,5.8771192,5.0309549,3,6.29,outskirts,0.550710178254012,5.0
1169,1170,squazzing,0.541477023,4.8657709,5.2489816,4.9866066,5.0264934,5.1014798,4.8657709,4.9866066,4,4.845625,matching,0.504619377447608,6.3
1170,1171,squerding,0.394098027,5.203886,4.7988662,4.0856312,5.5627207,5.423881,5.203886,4.0856312,3,4.82333333333333,payment,0.553187294406618,5.16
1171,1172,squeshotte,0.435004502,5.3492483,5.0484884,4.3921918,5.6861859,5.5509665,5.3492483,4.3921918,5,5.21533333333333,reconfigure,0.58399681171571,4.85
1172,1173,stangcays,0.46718791,7.3991901,4.8814886,6.3826247,6.2727242,6.2424862,6.3555928,4.9668877,4,4.555,harmonica,0.600855641768229,6.32
1173,1174,stashgys,0.432013446,6.8998656,4.7541499,6.1019165,5.7970455,5.7223143,5.8210404,4.7042471,3,5.24,committee,0.578060256281357,5.52
1174,1175,stazz,0.653876861,6.9359398,5.2970678,5.9599666,7.3019248,7.344713,6.9359398,5.9599666,2,5.04913043478261,benefit,0.53777286196211,6.87
1175,1176,stearvast,0.52794226,4.627112,4.9781067,4.9798966,4.7809218,4.7202962,4.627112,4.9798966,2,6.68,impact,0.549270050139179,5.76
1176,1177,stedbled,0.384753365,5.5503692,4.7051961,4.8911958,5.4859348,5.3608468,5.5503692,4.8911958,3,4.91,accelerated,0.545928787792644,6.21
1177,1178,sterty,0.547010288,6.843981,5.0037348,5.3694135,6.8615503,6.7718053,6.843981,5.3694135,2,5.74666666666667,meal,0.55820296702559,7.05
1178,1179,stonzed,0.580530362,6.7712147,5.052165,5.2358233,6.4866459,6.480101,6.7712147,5.2358233,2,4.81,protected,0.481403589001807,7.05
1179,1180,stosead,0.528561428,5.7143319,4.8640418,4.8056216,5.9781937,5.8850971,5.7143319,4.8056216,2,5.32,presume,0.594086907387548,4.0
1180,1181,stralser,0.533572597,5.1027448,4.8957308,4.5364258,5.4762867,5.4373029,5.1027448,4.5364258,2,4.13,brown,0.558657801473015,5.52
1181,1182,stramy,0.511109748,5.7035475,4.9988116,5.1577471,5.7421774,5.7792874,5.7035475,5.1577471,1,5.265,viola,0.552034226223354,6.2
1182,1183,strardles,0.493458803,4.7502851,4.6966247,4.4071685,4.9300952,4.9026432,4.7502851,4.4071685,2,5.62,contrary,0.589093983828128,4.5
1183,1184,straughtecks,0.311390822,5.5079189,4.6717627,5.3365543,5.2937097,5.1658986,5.5079189,5.3365543,4,6.26,confused,0.497395834659705,3.11
1184,1185,strautchexed,0.299773351,4.1200733,4.7075359,3.9368067,4.7200326,4.6509411,4.1200733,3.9368067,5,3.1,petrified,0.541077384801564,3.37
1185,1186,streller,0.686381144,5.5544803,5.0525737,5.2367814,5.4885072,5.4966646,5.5544803,5.2367814,1,5.75,viola,0.502529803673475,6.2
1186,1187,strukes,0.415275469,4.1207509,4.7616318,3.6222823,4.712409,4.6819311,4.1207509,3.6222823,2,4.2725,annoyed,0.599646977371293,2.8
1187,1188,strur,0.47654197,3.6691763,4.8252851,4.5916416,3.4498666,3.639766,3.6691763,4.5916416,1,5.6,blase,0.652980149844871,4.46
1188,1189,sturorm,0.425755134,6.6749603,4.8704781,5.1223694,6.7935128,6.7422079,6.6749603,5.1223694,2,5.74,output,0.51895554917581,4.85
1189,1190,stutpons,0.47550476,5.139169,4.8112525,4.9104469,5.1721114,5.1061797,5.139169,4.9104469,3,4.55,critical,0.563403416122394,3.95
1190,1191,stybee,0.542254347,7.0989661,5.1003787,6.1525096,6.778196,6.7092465,7.0989661,6.1525096,2,6.005,lady,0.543352562054119,6.91
1191,1192,styvos,0.571295465,8.0264563,4.9711785,6.2960375,6.9580996,6.9148851,7.1801444,4.8643598,3,5.06428571428571,outskirts,0.550865334366058,5.0
1192,1193,succempts,0.509279489,5.7418125,4.8353398,5.6945423,5.1618285,5.1502301,5.7418125,5.6945423,3,7.49,problematic,0.532931610655271,2.58
1193,1194,sugcay,0.596940102,7.7958452,4.9310227,6.5978588,6.7461375,6.7129061,6.7522479,5.1821218,2,6.0,outskirts,0.547050885974324,5.0
1194,1195,sugjucts,0.354944537,7.2737504,4.5873621,6.5828074,5.8657731,5.806995,6.8451807,4.6959781,3,5.33,believe,0.547732605885405,7.05
1195,1196,sulfit,0.505065726,5.5891787,4.908467,5.3493181,5.7026095,5.6372567,5.5891787,5.3493181,2,4.623,sodium,0.511413631531205,4.17
1196,1197,sumbest,0.588219532,5.3600551,4.8230474,5.1036742,5.5593813,5.5021794,5.3600551,5.1036742,2,5.55,first,0.547955894505001,7.33
1197,1198,sunweem,0.66597618,6.4522376,5.117804,4.8950023,6.6476939,6.7869098,6.4522376,4.8950023,3,5.52,sun,0.558225692766614,6.92
1198,1199,supgry,0.484649563,8.3757289,4.8597198,7.8685055,6.7083946,6.613463,8.3757289,7.8685055,2,5.176,corresponding,0.511585388439335,5.1
1199,1200,supmeons,0.544204436,6.2458107,4.9541816,5.3718865,5.9003661,5.9233895,6.2458107,5.3718865,2,3.6,adjacent,0.555719146914155,5.15
1200,1201,suppald,0.549968991,6.3823713,4.7979215,5.5318059,6.3039592,6.2212868,6.3823713,5.5318059,2,5.435,suffer,0.52001742720897,2.05
1201,1202,surfoths,0.478774239,4.8669591,4.7804023,4.8742953,4.9402808,4.8880315,4.8669591,4.8742953,4,5.28,people,0.54827212125552,5.7
1202,1203,sursawed,0.379770428,5.070383,4.7155869,5.006812,5.1523702,5.1331235,5.070383,5.006812,3,5.36,unaffected,0.546048483950254,4.84
1203,1204,sustium,0.539468509,6.5207492,4.7152137,5.3883824,6.5936493,6.4887549,6.5207492,5.3883824,3,5.46461538461538,maximize,0.514460917804456,6.2
1204,1205,suswects,0.316657963,5.690198,4.7567074,5.3540425,5.4146971,5.4524599,5.690198,5.3540425,2,2.39,stuff,0.500748602400078,5.86
1205,1206,suyural,0.571695668,8.3969907,4.8531448,6.9740651,6.9530736,6.9415426,8.3969907,6.9740651,2,4.4,pray,0.571199765571706,6.57
1206,1207,swact,0.496616418,7.7717442,5.0489248,5.0374821,7.663628,7.6466905,7.7717442,5.0374821,1,4.38,work,0.479105330168329,5.05
1207,1208,swarting,0.425287072,5.1022345,4.9375199,5.2087498,4.9391825,4.9654012,5.1022345,5.2087498,2,4.65142857142857,running,0.510659797845148,6.53
1208,1209,swazzing,0.618136228,5.4742003,5.2633588,5.4141979,5.3743329,5.5589668,5.4742003,5.4141979,3,5.16363636363636,running,0.458789378826796,6.53
1209,1210,swilths,0.483394992,4.0101234,4.885964,4.1928104,4.0533452,4.0169292,4.0101234,4.1928104,3,4.55625,collapse,0.578132692294803,3.37
1210,1211,swimacks,0.546965929,6.0123859,4.8717618,5.592725,5.5609955,5.601444,6.0123859,5.592725,3,3.95,aquamarine,0.55997541371708,6.4
1211,1212,swirps,0.623013136,4.1324392,4.8754386,4.5730606,4.2057179,4.2292737,4.1324392,4.5730606,2,5.46,stuff,0.575173641065985,5.86
1212,1213,swisfy,0.680760363,7.2478167,4.9185441,5.5704645,6.8021384,6.8338127,7.2478167,5.5704645,2,5.696,satisfy,0.514094207536919,7.09
1213,1214,switchcraps,0.298196952,4.0328,4.8065286,3.5104322,4.5830844,4.5618473,4.0328,3.5104322,3,3.95,overlapping,0.569478048785546,4.9
1214,1215,swolls,0.505085294,4.8788078,4.9941252,4.4902401,5.0957502,5.1828876,4.8788078,4.4902401,2,4.37333333333333,bruising,0.513943344528191,3.42
1215,1216,swund,0.593655651,6.6322545,4.7735454,5.6907129,6.789562,6.8168739,6.6322545,5.6907129,1,6.45,lost,0.556524494119224,2.53
1216,1217,sybfians,0.489224445,7.970522,4.856206,6.2536125,6.5765105,6.6296287,7.1285859,5.1870302,4,4.70857142857143,people,0.523614252070617,5.7
1217,1218,tadtens,0.491193815,5.4860459,4.8884118,4.8009436,5.8852895,5.8710576,5.4860459,4.8009436,3,4.82285714285714,super,0.65191851237049,7.05
1218,1219,taftly,0.648246402,7.2685878,5.1263513,5.1685517,7.1015182,7.2144794,7.2685878,5.1685517,2,5.86,way,0.577913517538051,5.91
1219,1220,tambtul,0.430888674,5.3277272,4.9869382,4.4005051,6.1804499,6.1772438,5.3277272,4.4005051,3,6.18,relate,0.556692116336769,6.05
1220,1221,tamstreng,0.394386711,6.2068823,4.9805434,4.9459767,6.197787,6.1780634,6.2068823,4.9459767,4,5.6925,auntie,0.545994952069236,6.24
1221,1222,tarchless,0.356952363,4.568026,4.9137502,4.1574469,4.9738486,4.8984093,4.568026,4.1574469,3,3.488,unorthodox,0.525240648491123,5.38
1222,1223,tardled,0.399635723,4.620166,4.7988519,4.467964,4.8199729,4.782151,4.620166,4.467964,2,4.265,viola,0.526896274973563,6.2
1223,1224,tarving,0.455153845,4.5711476,5.0704153,4.9818258,4.7497388,4.7579963,4.5711476,4.9818258,1,2.86,killing,0.475883518521876,1.95
1224,1225,tarvos,0.427931863,4.0588075,5.0742844,4.6061523,4.3543521,4.3522329,4.0588075,4.6061523,2,3.9,chickenpox,0.537342782427355,2.76
1225,1226,tarvul,0.515847451,3.6977168,5.0565791,3.7678702,4.3534379,4.3748878,3.6977168,3.7678702,2,5.4175,flourish,0.554730536780102,7.21
1226,1227,tarwis,0.517242713,4.2363098,5.0003351,4.2900653,4.5114507,4.5444679,4.2363098,4.2900653,3,5.1234693877551,type,0.585003685660123,6.06
1227,1228,tarxest,0.350114005,4.0431334,4.9633506,1.7436314,5.1501104,5.1883104,4.8326248,5.0014654,2,5.01,bad,0.572559233833263,3.24
1228,1229,tarxi,0.516107124,3.4785704,5.0307596,1.897723,4.6236024,4.7591912,4.2680618,5.155557,1,4.79,lilac,0.532129340259067,6.95
1229,1230,tasp,0.594874527,8.4937315,5.0599509,5.1741532,9.0023647,8.7878558,8.4937315,5.1741532,1,4.695,taste,0.553024676936236,6.63
1230,1231,tatchhey,0.492862373,4.5129566,5.1623597,3.8471857,5.2249666,5.2976173,4.5129566,3.8471857,3,5.04333333333333,unattached,0.533249224097814,4.79
1231,1232,tathpoy,0.546681197,5.3039611,5.1707258,4.9527583,5.5520438,5.5825543,5.3039611,4.9527583,3,4.878,kiwi,0.571231521404946,6.11
1232,1233,tattenipts,0.418689967,4.965764,4.9950471,5.4613637,4.7518664,4.6991738,4.965764,5.4613637,4,6.0,mad,0.592846373496731,2.47
1233,1234,tattoubt,0.481888881,4.501255,4.9670121,4.0359632,5.3998462,5.3438478,4.501255,4.0359632,3,5.54,doubt,0.45326858590117,3.28
1234,1235,taxpors,0.360862998,5.0108455,4.9664174,5.0970994,5.1270286,5.2623796,5.0108455,5.0970994,3,4.78,unemployment,0.629179886209927,2.32
1235,1236,teansing,0.523873362,5.7283616,5.0438268,5.1166696,5.7352115,5.7410944,5.7283616,5.1166696,2,6.65,development,0.456245019365455,5.25
1236,1237,teccy,0.584407973,7.6552033,5.166352,5.3786708,7.5889045,7.5266949,7.6552033,5.3786708,2,4.88625,particular,0.521842940300107,5.05
1237,1238,tecterts,0.388457627,6.6227117,5.0218777,5.3997204,6.6061194,6.5779832,6.6227117,5.3997204,4,5.00015873015873,forces,0.583679454107114,5.58
1238,1239,teded,0.528915664,5.9641646,4.9008948,4.9008929,5.9269447,5.8886876,5.9641646,4.9008929,2,5.42411764705882,whit,0.601629912248937,5.48
1239,1240,teguths,0.420747728,4.9152488,4.9186869,3.6985935,5.2608884,5.2505617,4.9152488,3.6985935,3,6.04666666666667,stuff,0.569330742085373,5.86
1240,1241,telfure,0.590161233,7.4082632,5.1333769,5.5332348,7.5057596,7.6008905,7.4082632,5.5332348,2,4.58333333333333,talk,0.542807301007448,6.64
1241,1242,tencmics,0.541904607,7.4360981,5.0193482,6.603531,6.3148998,6.3178288,6.5313682,5.4551669,3,5.15,theory,0.541873890073809,5.65
1242,1243,tepral,0.540431625,4.370528,5.1916681,4.9094028,4.5820383,4.5989004,4.370528,4.9094028,2,5.44,jazz,0.545369620973081,6.57
1243,1244,termoth,0.475417878,6.7835421,5.1628646,5.2389503,6.8189725,6.8335344,6.7835421,5.2389503,2,4.015,girl,0.519839312322181,7.15
1244,1245,tersless,0.364541915,5.548237,4.8725716,4.1016627,5.8810389,5.7853018,5.548237,4.1016627,2,4.95,consequence,0.528106143647661,3.86
1245,1246,texlirt,0.564197205,6.206812,5.0308954,4.4248403,6.4965858,6.5104412,6.206812,4.4248403,3,5.175625,fuchsia,0.56250788267465,5.14
1246,1247,teyin,0.60076293,4.6114824,5.1874328,4.9248454,4.9752017,5.1210845,4.6114824,4.9248454,2,5.17333333333333,hang,0.524031859936981,3.1
1247,1248,teziels,0.461175372,4.5709093,5.27349,3.5362895,5.6348347,5.7704047,4.5709093,3.5362895,3,4.81,malarkey,0.598331059008104,4.45
1248,1249,thaca,0.59429628,5.3832682,5.1795482,5.0879442,5.4362624,5.4937805,5.3832682,5.0879442,2,5.22,viola,0.512926438098571,6.2
1249,1250,thiels,0.435623545,4.723127,5.0703121,4.9088334,4.8731901,4.8902706,4.723127,4.9088334,2,4.115,malarkey,0.534780856849288,4.45
1250,1251,thobbling,0.350759585,5.4809438,4.9608741,4.4752849,5.7714832,5.7285793,5.4809438,4.4752849,2,3.68,running,0.505099551235552,6.53
1251,1252,thosh,0.467417678,7.150943,5.0492506,4.6764078,7.6013797,7.5413372,7.150943,4.6764078,2,4.58833333333333,myriad,0.521725431902405,5.52
1252,1253,thoving,0.486065697,4.7709562,5.1273321,5.1180547,4.9073087,4.933951,4.7709562,5.1180547,2,5.374,corresponding,0.562031736939316,5.1
1253,1254,threet,0.473072198,7.368485,5.1906943,5.3261325,7.2897614,7.289818,7.368485,5.3261325,1,4.03,three,0.469602042319443,5.43
1254,1255,threthes,0.496621818,5.3989545,5.055092,4.9154477,5.3516102,5.3883231,5.3989545,4.9154477,3,4.2125,combination,0.56127338244619,5.47
1255,1256,thriper,0.485504093,6.2058259,5.0726815,5.1973625,5.9763966,5.9434556,6.2058259,5.1973625,2,5.242,violet,0.548075213696562,6.36
1256,1257,thronk,0.556528447,6.4509924,5.0365956,4.7175404,6.4301061,6.393155,6.4509924,4.7175404,1,5.45,output,0.521819273808036,4.85
1257,1258,throseless,0.373043884,4.943932,4.9043628,4.5306803,5.0502925,4.9502193,4.943932,4.5306803,3,3.12,dumb,0.540540778793048,2.44
1258,1259,thrun,0.475944291,6.146221,4.9755642,4.4389824,6.1597846,6.1905172,6.146221,4.4389824,2,4.76733333333333,run,0.473760480770005,6.41
1259,1260,thupe,0.484114984,7.9933805,5.1173613,5.3794375,8.0011475,7.9806269,7.9933805,5.3794375,1,4.7,person,0.558206454706407,6.1
1260,1261,thwain,0.581838595,7.2453044,5.1506142,5.9969069,6.7172866,6.7532587,7.2453044,5.9969069,1,5.63,overcome,0.524747056113906,6.81
1261,1262,thwarns,0.380826398,7.0249572,4.9868638,5.782223,6.5358466,6.6518281,7.0249572,5.782223,3,5.45833333333333,warn,0.525974189695066,4.9
1262,1263,tiake,0.57471309,7.7057929,5.1693148,5.0659492,7.5348087,7.5543479,7.7057929,5.0659492,1,4.82,meditation,0.592603308815917,7.21
1263,1264,tibfy,0.588754813,7.9770925,5.0452807,6.8277167,6.5163139,6.6124908,7.1351564,5.7611344,2,5.1375,fuchsia,0.564781167168526,5.14
1264,1265,tievage,0.512821041,5.3481553,5.2906311,4.7839466,5.601443,5.6545536,5.3481553,4.7839466,2,5.8,biochemistry,0.545918628057316,5.48
1265,1266,timloe,0.485047114,8.6032624,5.2511074,6.2695264,7.6413066,7.6955638,8.6032624,6.2695264,2,5.4075,pharaoh,0.589205017835063,5.45
1266,1267,tipgred,0.40070753,8.5608174,4.8992253,7.6941744,6.9739104,6.8381169,8.5608174,7.6941744,2,4.29,kudos,0.534320974230286,6.95
1267,1268,tirks,0.578628329,6.4406053,4.8826736,5.8685519,6.1112939,5.9977817,6.4406053,5.8685519,2,4.39333333333333,trouble,0.53775678842606,2.87
1268,1269,tobfost,0.539865487,7.6839861,5.0039447,5.6027072,6.9561881,6.9211196,6.8420501,4.5361249,3,5.906,reduce,0.480817104251203,5.1
1269,1270,toeban,0.46589488,6.6651209,5.2198141,5.3171423,6.4081784,6.3911159,6.6651209,5.3171423,2,4.23,output,0.553639879491874,4.85
1270,1271,toep,0.580008038,8.2257687,5.2667742,4.8346603,8.2839755,8.1783015,8.2257687,4.8346603,1,5.62,porch,0.561090127944345,6.4
1271,1272,tolque,0.499789671,7.7437624,5.2638805,6.0339792,7.181366,7.1691454,7.3151928,4.1471499,1,5.3,brunette,0.535889433630483,6.35
1272,1273,toubt,0.444832913,4.6515532,5.0042188,4.2974291,5.4121698,5.3803293,4.6515532,4.2974291,1,4.315,doubt,0.419985962599693,3.28
1273,1274,toutured,0.182891887,5.4618561,4.8008813,5.0936158,5.4397976,5.4234947,5.4618561,5.0936158,2,1.4,inspired,0.541598674937292,6.89
1274,1275,towtion,0.573469707,7.0621793,5.1880883,5.4289042,7.0777851,7.0815235,7.0621793,5.4289042,2,5.41285714285714,car,0.541234516271961,6.63
1275,1276,trachms,0.468603766,5.4697275,4.9650368,4.7444725,5.6129743,5.6196496,5.4697275,4.7444725,2,4.73,magnesium,0.549489296124611,4.95
1276,1277,traffiths,0.53443853,5.1499557,4.9124891,4.2947926,5.231817,5.2570405,5.1499557,4.2947926,3,3.21,sex,0.54759114613273,6.73
1277,1278,trapgeer,0.401216237,8.6141509,5.1625038,7.7012436,7.0377398,7.040249,8.6141509,7.7012436,2,4.47,link,0.520775424865958,5.9
1278,1279,trapgior,0.441404098,7.9965933,5.0462689,7.7889274,6.3184773,6.3086593,7.9965933,7.7889274,2,4.19,pattern,0.503746813820654,5.53
1279,1280,trarb,0.449350168,8.3038671,4.9987209,4.8983973,8.3305527,8.2406249,8.3038671,4.8983973,2,4.78782608695652,contrary,0.523173442838613,4.5
1280,1281,trardlers,0.437199037,4.8439184,4.7592138,4.2956931,5.08851,5.0884631,4.8439184,4.2956931,3,5.43333333333333,contrary,0.597165886282913,4.5
1281,1282,trareplacks,0.442536078,4.9852434,4.9447439,5.002482,4.8499715,4.9026582,4.9852434,5.002482,5,5.374,unhand,0.575754354519082,4.11
1282,1283,tratecate,0.497280669,5.9042038,5.2103705,5.0180445,6.0726796,6.1060668,5.9042038,5.0180445,3,4.73,configuration,0.530043300077818,4.58
1283,1284,trearkers,0.436864916,4.7539207,4.9611503,4.8705777,5.0604572,5.0660266,4.7539207,4.8705777,3,3.82666666666667,adjacent,0.594572957510845,5.15
1284,1285,trefewn,0.5451562,6.2926946,5.2208339,5.0391759,6.185755,6.3317077,6.2926946,5.0391759,3,5.67888888888889,speak,0.558831515195674,5.91
1285,1286,trenchexed,0.310459883,4.5702769,4.9772533,4.5147106,4.988715,5.0345517,4.5702769,4.5147106,4,3.23333333333333,symptomatic,0.520837585313339,4.0
1286,1287,trexpossed,0.396321637,4.4277042,4.7584565,4.2596474,4.9755422,4.9711624,4.4277042,4.2596474,4,4.13833333333333,inverted,0.594131819085265,4.91
1287,1288,tridging,0.475209501,5.6835683,4.7525079,5.0487859,5.8227,5.7445039,5.6835683,5.0487859,2,3.79,contribution,0.504387703283238,6.58
1288,1289,trissling,0.54892838,5.2607949,4.7524677,4.0091064,5.6788615,5.5723783,5.2607949,4.0091064,2,3.79,combination,0.500264562120852,5.47
1289,1290,triyrs,0.444528309,8.4429714,4.891118,5.987901,8.1371387,8.0518186,8.4429714,5.987901,3,4.98057142857143,work,0.540413608074071,5.05
1290,1291,trobbles,0.416796676,4.5248009,4.9472564,4.2028564,4.818647,4.8367102,4.5248009,4.2028564,2,2.99,crisis,0.55110379718823,2.05
1291,1292,troolblip,0.556232902,6.0131229,5.0865578,5.2812586,6.0565407,6.0202873,6.0131229,5.2812586,4,4.39666666666667,drool,0.576755885763821,3.28
1292,1293,troolstips,0.496134248,4.9720774,4.8829344,4.0991817,5.704981,5.5939573,4.9720774,4.0991817,4,5.0,gorgeous,0.570261444178372,7.57
1293,1294,trufts,0.636620408,5.0115043,4.834519,4.6063955,5.1134428,5.1135106,5.0115043,4.6063955,2,6.87333333333333,aquamarine,0.562554754468794,6.4
1294,1295,trukels,0.545455005,3.8852581,4.8790447,3.1395198,4.7635928,4.7574185,3.8852581,3.1395198,3,5.44555555555556,brutish,0.625516496442477,3.0
1295,1296,trukers,0.476038786,3.8265848,4.8242209,3.510807,4.4548209,4.4218736,3.8265848,3.510807,2,4.885,commissioner,0.615820371204644,4.68
1296,1297,trukes,0.536126172,4.2269304,4.8829393,3.5682409,4.8929652,4.8553717,4.2269304,3.5682409,2,5.64666666666667,dildo,0.600177227221302,4.57
1297,1298,trukhing,0.502581353,3.9690737,4.8378387,3.8513171,4.4249771,4.4239542,3.9690737,3.8513171,3,4.6225,configuration,0.608575377457053,4.58
1298,1299,trumbs,0.520672026,5.4463003,4.8126139,4.0544827,5.7403873,5.7147882,5.4463003,4.0544827,2,5.2225,trump,0.541348933660029,4.18
1299,1300,trynger,0.572485105,3.8906222,5.0389083,4.6056129,4.4394263,4.5062577,3.8906222,4.6056129,2,4.736,bop,0.619308843219452,5.63
1300,1301,tudmies,0.596978049,5.8595343,4.7994701,5.3836708,5.5842463,5.5721895,5.8595343,5.3836708,3,5.31333333333333,principles,0.572211862652926,5.45
1301,1302,tulpt,0.543028532,7.6705019,5.0193391,5.2792218,7.9232737,7.9593281,7.6705019,5.2792218,2,4.78428571428571,handgun,0.577315600747151,4.95
1302,1303,tulthum,0.569666845,4.3927193,4.9205152,4.887965,4.6568654,4.6167398,4.3927193,4.887965,3,4.93,viola,0.600936447571822,6.2
1303,1304,tunged,0.506185533,5.5878027,4.8751306,4.8744642,5.7212112,5.7310403,5.5878027,4.8744642,2,5.0575,protected,0.531131901499412,7.05
1304,1305,tunsuls,0.477391373,3.8300993,4.7130354,4.4646627,4.2814525,4.2939258,3.8300993,4.4646627,3,4.106,split,0.60514437947298,4.5
1305,1306,tupgred,0.407140006,8.1498826,4.8264683,7.8158974,6.5908199,6.5088717,8.1498826,7.8158974,3,5.00833333333333,snort,0.568660813043278,4.55
1306,1307,turpled,0.46575273,4.7822236,4.869937,4.8891957,4.9815403,4.9664035,4.7822236,4.8891957,2,5.88,saturated,0.560921113596954,4.77
1307,1308,tusler,0.527225932,5.3795488,4.9531316,4.5239622,5.5896498,5.58135,5.3795488,4.5239622,2,4.585,mauve,0.593166398948539,5.1
1308,1309,tuwhe,0.556483583,7.9285448,5.1327393,6.6349213,6.9895856,7.1019972,6.6795943,5.2603087,2,6.265,suppose,0.635539660720346,5.27
1309,1310,tuxgers,0.484653371,7.3668598,4.828762,7.0276488,6.3572439,6.4121869,6.2880345,5.6299794,3,4.78222222222222,hardware,0.551412053406389,6.11
1310,1311,twertle,0.657683078,5.9809518,5.2110765,5.2866131,5.8362407,5.9207116,5.9809518,5.2866131,2,6.16,separate,0.533562050037304,3.95
1311,1312,twilm,0.621111443,6.810291,5.1419809,4.9851215,6.8992701,6.938303,6.810291,4.9851215,2,5.09055555555556,combination,0.56325093983092,5.47
1312,1313,twingre,0.586981978,6.5847176,5.0982574,5.2510721,6.7289593,6.6944946,6.5847176,5.2510721,1,4.29,multiple,0.572689559996646,5.0
1313,1314,twique,0.534048052,6.4799236,5.2153958,5.5833161,6.2132001,6.2481832,6.4799236,5.5833161,2,5.264,matching,0.505310097830022,6.3
1314,1315,tybeens,0.546359314,6.9122351,5.0849267,5.9192822,6.5422203,6.6854652,6.9122351,5.9192822,2,5.58,be,0.627919707419993,6.18
1315,1316,uards,0.428568936,4.5830918,4.7538897,4.6593072,4.8202922,4.8345494,4.5830918,4.6593072,2,4.54,linebacker,0.588551578617291,5.42
1316,1317,uatz,0.500527447,3.692861,5.2134824,4.8000737,3.9860437,4.2402027,3.692861,4.8000737,2,5.35208333333333,freshman,0.646480563032825,5.05
1317,1318,ubint,0.408631754,6.2658052,4.9618051,4.6028943,6.5598245,6.5658011,6.2658052,4.6028943,2,5.12368421052632,outskirts,0.565003033116595,5.0
1318,1319,ubnil,0.451770003,3.7240097,4.9933102,2.5291763,5.0773848,5.0986087,3.7240097,2.5291763,2,4.52,adjoining,0.595988173747293,5.06
1319,1320,ubty,0.560632618,3.5723094,4.9866085,3.9479866,4.1239751,4.543361,3.5723094,3.9479866,2,5.09958333333333,regard,0.771183010211657,5.7
1320,1321,ubwand,0.499496599,7.1265618,4.8579488,4.803049,6.8976278,6.9913119,7.1265618,4.803049,2,5.23,nincompoop,0.619506776455466,5.0
1321,1322,uccurb,0.499078,7.887352,4.8283732,4.8095594,7.7371322,7.6992277,7.887352,4.8095594,2,5.455,curb,0.559583395711206,4.65
1322,1323,udstame,0.388659969,6.6849922,4.8493382,4.736513,6.9868495,6.9426867,6.6849922,4.736513,3,4.84826086956522,councilman,0.640328030270449,4.19
1323,1324,ughoyed,0.305869604,3.4398677,4.9508494,3.9153967,3.7254795,3.8180313,3.4398677,3.9153967,3,4.025,overjoyed,0.630605832750263,7.17
1324,1325,uglong,0.449811208,3.9786708,5.0314418,4.1572611,4.320607,4.2877751,3.9786708,4.1572611,2,5.34333333333333,toxic,0.511361026091761,2.35
1325,1326,ulsping,0.51460931,4.298051,4.8897402,3.954169,4.6935853,4.7406173,4.298051,3.954169,3,5.5275,thunderclap,0.570383268286269,4.53
1326,1327,ultule,0.483269806,6.1767893,5.0402305,4.5894562,6.6271346,6.6127712,6.1767893,4.5894562,2,4.755,type,0.631193679936449,6.06
1327,1328,uncemned,0.39782659,4.1722761,4.9881671,3.5951,4.7935921,4.8903004,4.1722761,3.5951,3,4.825,mad,0.537765937742088,2.47
1328,1329,unces,0.505901211,4.3075672,5.009288,4.4135769,4.320494,4.4219006,4.3075672,4.4135769,2,3.86111111111111,dilemma,0.529926812181246,4.24
1329,1330,uncien,0.525304126,4.2724798,5.098868,4.4742661,4.4055745,4.463437,4.2724798,4.4742661,2,5.18857142857143,various,0.530332759471285,5.52
1330,1331,uncing,0.34498356,3.9473629,4.9784821,4.3006386,4.1285534,4.2029921,3.9473629,4.3006386,2,5.10636363636364,aspect,0.502399360440962,4.89
1331,1332,uneits,0.48266117,3.6728436,4.984017,4.3859178,3.7214126,3.8089978,3.6728436,4.3859178,2,5.3275,nonsense,0.57526712578286,4.0
1332,1333,unfism,0.368007984,3.7599127,4.9314164,3.5869703,4.0274065,4.0564166,3.7599127,3.5869703,2,3.395,abnormal,0.586091754769769,3.53
1333,1334,unfith,0.341199078,3.5059082,5.0039223,3.946726,3.7171804,3.7823641,3.5059082,3.946726,1,2.95,unfit,0.467857895490306,2.95
1334,1335,unjits,0.353258639,5.162313,4.8397419,4.0882202,5.8087968,5.7369988,5.162313,4.0882202,2,4.894,drugs,0.529625652744118,3.86
1335,1336,unkiffs,0.377505842,4.618162,4.8441376,4.130412,4.6590258,4.728717,4.618162,4.130412,3,3.825,viola,0.580544289505273,6.2
1336,1337,unpoils,0.401561307,3.9633121,4.9831893,2.9401247,4.8682518,4.9315935,3.9633121,2.9401247,2,3.42,detriment,0.523047807398685,3.67
1337,1338,unstyps,0.448001615,3.4082155,4.7936422,3.4635162,3.5866643,3.5747282,3.4082155,3.4635162,3,5.81,abuse,0.541485237892112,1.53
1338,1339,unwhissed,0.338758017,3.7668186,4.6946904,3.7633359,4.0145592,4.0233722,3.7668186,3.7633359,3,4.68333333333333,trouble,0.542225492629898,2.87
1339,1340,unwips,0.506677345,4.8679485,4.95098,3.8789864,5.3119354,5.3675313,4.8679485,3.8789864,2,5.02,progress,0.515061195934722,6.58
1340,1341,unwoomed,0.208127772,5.1340337,5.0591544,4.5438262,5.2852043,5.4081807,5.1340337,4.5438262,3,4.59,unaffected,0.555659588664257,4.84
1341,1342,upga,0.486704372,7.9645605,5.0802625,7.4597405,6.4114525,6.4102068,7.9645605,7.4597405,2,5.82,upgrade,0.480138998659463,7.11
1342,1343,upgeer,0.654504552,9.0309506,5.1339968,7.5913146,7.2985281,7.3970402,9.0309506,7.5913146,2,5.49333333333333,support,0.531518642444296,6.89
1343,1344,upgion,0.506184714,7.4393174,5.0610281,7.6160959,5.6237058,5.6964115,7.4393174,7.6160959,2,5.6875,violation,0.527901821992399,2.29
1344,1345,upgoup,0.547058431,8.4907491,4.9983273,7.5368318,6.6585769,6.6678229,8.4907491,7.5368318,3,5.17625,group,0.502303765999118,5.78
1345,1346,upua,0.577960999,8.161628,5.0385933,5.0456482,8.309113,8.3304158,8.161628,5.0456482,2,5.6125,scripture,0.571236972361108,5.47
1346,1347,ureo,0.561609291,7.988995,5.1598191,5.2890579,7.9339812,7.9019786,7.988995,5.2890579,2,5.4903125,limestone,0.54341577135098,5.05
1347,1348,urglon,0.368027143,3.9025581,5.0200867,4.2076126,4.2013529,4.1999239,3.9025581,4.2076126,2,5.05,crisis,0.641769671345628,2.05
1348,1349,urki,0.412687057,5.7186241,4.9503483,4.8382043,6.0587553,6.0151669,5.7186241,4.8382043,2,4.75285714285714,ogre,0.55799448810923,3.57
1349,1350,urpet,0.461599721,6.9968393,5.0729376,4.3422772,7.1824712,7.2212064,6.9968393,4.3422772,2,5.056,carpet,0.51356027166288,5.95
1350,1351,usce,0.587025973,8.0597893,5.02474,4.6389899,8.4459515,8.3522187,8.0597893,4.6389899,1,5.18,scripture,0.599824504656182,5.47
1351,1352,uslard,0.366633955,4.7813037,4.7499951,3.6804151,5.1877074,5.1419012,4.7813037,3.6804151,2,5.06571428571429,whit,0.603041221516758,5.48
1352,1353,usler,0.45678835,4.6597657,4.9885312,3.9174488,4.9411826,4.9685255,4.6597657,3.9174488,1,4.53,malarkey,0.590728317706669,4.45
1353,1354,uwies,0.567614343,6.8840097,5.0448508,6.254602,5.9943934,6.1118614,5.6350592,4.8799894,2,5.63,mama,0.596350699224865,7.64
1354,1355,vagolve,0.427849754,7.0339613,5.3330448,5.112461,6.7584441,6.8812821,7.0339613,5.112461,2,5.1,suffer,0.544087098981344,2.05
1355,1356,valf,0.561092717,7.0047072,5.2256447,5.1044865,7.3981378,7.4031373,7.0047072,5.1044865,1,5.38,one,0.444663483761721,6.09
1356,1357,valp,0.584285606,7.587873,5.2343335,5.1044543,7.6604467,7.6220054,7.587873,5.1044543,1,5.16,peninsula,0.516041296361996,5.95
1357,1358,vares,0.598005226,6.2480429,5.1366208,5.0900324,6.029345,6.1406693,6.2480429,5.0900324,2,5.33947368421053,viola,0.566425848739134,6.2
1358,1359,vebe,0.563753599,7.3762942,5.28558,5.5441518,7.2065541,7.2835039,7.3762942,5.5441518,1,5.81,bee,0.635183465062355,3.68
1359,1360,velead,0.475416303,6.8073709,5.1866687,5.1445365,6.798013,6.903279,6.8073709,5.1445365,2,4.654,introduce,0.549396964263833,5.91
1360,1361,velull,0.539050253,5.750245,5.182338,5.1400043,5.527167,5.609023,5.750245,5.1400043,2,4.05,impact,0.559968719907403,5.76
1361,1362,vergact,0.453211714,6.2119096,5.1487613,4.7763183,6.1315988,6.1481129,6.2119096,4.7763183,2,4.32,subject,0.577522386246115,5.33
1362,1363,verkans,0.447556696,5.4840312,5.0470819,4.6708609,5.7528251,5.846497,5.4840312,4.6708609,3,4.60222222222222,available,0.606409865109199,6.86
1363,1364,vevem,0.530530471,6.4416307,5.3767538,4.7326663,6.5850011,6.7430821,6.4416307,4.7326663,2,4.675,papa,0.660757269194187,7.0
1364,1365,vibcines,0.494387247,6.3804588,5.0168427,5.6642016,5.7527123,5.8251299,6.3804588,5.6642016,3,4.95,style,0.54983888730364,6.81
1365,1366,vifan,0.519333426,7.1852555,5.1978117,5.2469664,6.994918,7.0462727,7.1852555,5.2469664,2,5.13818181818182,lord,0.556315244278578,5.59
1366,1367,viker,0.526262769,7.9073873,5.1339734,5.2706614,7.8580136,7.8381919,7.9073873,5.2706614,1,4.95,godson,0.586325325075596,6.05
1367,1368,villup,0.508491366,8.4667964,5.0915384,5.3510223,8.040507,8.1329886,8.4667964,5.3510223,2,4.6,scripture,0.574841891391227,5.47
1368,1369,vimby,0.636756129,4.6636475,5.1154423,5.1896796,4.5743118,4.6653883,4.6636475,5.1896796,2,4.24666666666667,godson,0.566921647273264,6.05
1369,1370,vime,0.506346844,7.7304229,5.2658857,5.561354,7.7400853,7.7316521,7.7304229,5.561354,1,5.01,kayak,0.594723966064103,5.68
1370,1371,visk,0.582116766,8.0153263,4.9983616,5.2788153,8.1201469,7.9734781,8.0153263,5.2788153,1,5.38333333333333,meaning,0.548901687844207,6.45
1371,1372,viute,0.666741864,8.2149033,5.1423465,5.5298307,7.8618405,7.8845281,8.2149033,5.5298307,2,5.19380952380952,vintage,0.561789937142047,6.67
1372,1373,vivrerred,0.512333794,6.6896678,4.98611,6.4402359,5.7819048,5.775739,5.5917777,5.1413872,3,5.9,mutilated,0.5567061510922,2.73
1373,1374,vixgle,0.403959879,8.5519482,5.1346199,6.725798,7.3375352,7.3552348,7.473123,5.3281286,2,5.54111111111111,lady,0.546621922254373,6.91
1374,1375,volleed,0.62858698,6.5635377,5.1952673,5.3128143,6.3949728,6.4446886,6.5635377,5.3128143,2,5.43,run,0.530270485292641,6.41
1375,1376,volols,0.531900652,6.1973803,5.1731065,4.184122,6.7590197,6.7887075,6.1973803,4.184122,3,5.42394736842105,ibuprofen,0.548289573469594,5.75
1376,1377,votaws,0.426999681,4.5592564,5.1429848,4.8998197,4.4953795,4.6748921,4.5592564,4.8998197,2,5.06,affect,0.646428016666553,5.65
1377,1378,votko,0.51423887,7.5617414,5.1927166,7.1186055,6.2561519,6.2262473,6.5110975,5.3647577,2,5.41333333333333,meditation,0.568874757697007,7.21
1378,1379,voulnals,0.45899289,4.2493796,5.0561289,4.785522,4.4784352,4.5695743,4.2493796,4.785522,3,5.91,suppose,0.562746069740165,5.27
1379,1380,vounly,0.491170412,7.1725329,5.1408141,5.7738933,6.7777518,6.8804154,7.1725329,5.7738933,2,5.435,county,0.599150188896888,5.18
1380,1381,vubfar,0.432492102,6.213601,5.0112918,5.1348917,5.5066405,5.6668851,5.371665,4.0683094,2,3.3,diameter,0.627777893121878,4.76
1381,1382,vubnar,0.444468792,4.3727844,5.0099245,2.0407344,5.6813226,5.8082595,4.3727844,2.0407344,2,4.725,callback,0.670143395277938,5.95
1382,1383,vufas,0.435708245,5.2666261,5.0191994,3.8844238,5.2835398,5.4411724,5.2666261,3.8844238,3,4.87516666666667,cactus,0.584822072029441,5.11
1383,1384,vuftie,0.549317502,5.733892,5.1282617,4.1948889,6.0138966,6.1216756,5.733892,4.1948889,2,6.20666666666667,girlie,0.581955010300496,5.35
1384,1385,vugloi,0.349280714,3.5036942,5.0995516,3.64069,4.0369814,4.173037,3.5036942,3.64069,3,4.84125,boysenberry,0.6408494381594,5.95
1385,1386,vussals,0.447708028,4.4495056,4.7867746,3.3668681,5.1641894,5.1461672,4.4495056,3.3668681,2,4.89,ennui,0.645694737252246,4.13
1386,1387,vussuls,0.44725632,3.8106539,4.6641496,3.2815869,4.5038546,4.4768139,3.8106539,3.2815869,3,4.69666666666667,ion,0.632973283253142,5.1
1387,1388,wabtaffs,0.535392814,5.0820789,5.0102553,4.2866743,5.3482545,5.5230408,5.0820789,4.2866743,4,4.77,rice,0.576626342947832,5.7
1388,1389,wabtave,0.519591848,5.3954542,5.254325,4.4929789,5.7402057,5.8987449,5.3954542,4.4929789,3,4.719375,characterize,0.544675640939491,5.5
1389,1390,wabwand,0.536346956,7.2186034,4.9905559,5.2826821,6.5654934,6.6540835,7.2186034,5.2826821,2,5.9,reaction,0.587688407122795,4.68
1390,1391,waca,0.577670864,7.1543496,5.2392246,5.139525,7.1749377,7.1462338,7.1543496,5.139525,2,5.24034482758621,variation,0.493614294255186,5.53
1391,1392,wapgred,0.429737545,8.4142518,4.9944751,7.3737304,6.7502587,6.7244418,8.4142518,7.3737304,3,5.09916666666667,purple,0.593699615853966,5.6
1392,1393,warb,0.519187417,8.0566765,5.102821,4.9528146,8.0041166,7.9798808,8.0566765,4.9528146,1,4.46142857142857,configuration,0.53903151014596,4.58
1393,1394,wareies,0.481928094,5.3776643,5.1817801,4.9570605,5.2532519,5.3654154,5.3776643,4.9570605,3,4.84315789473684,prolonged,0.531374013059589,4.74
1394,1395,warker,0.566267611,5.8157057,5.1135352,4.9336257,5.8218777,5.8894833,5.8157057,4.9336257,1,5.875,combination,0.544980398986741,5.47
1395,1396,wassown,0.513277401,5.7287173,5.030037,4.9252823,5.5734247,5.6549867,5.7287173,4.9252823,3,4.621,wicked,0.570471533822663,2.63
1396,1397,wava,0.684555007,7.8526268,5.2871988,5.1980157,7.6561132,7.6931349,7.8526268,5.1980157,1,5.7175,stack,0.529609651411679,5.33
1397,1398,wawened,0.524953795,7.0835551,5.1735053,4.8039032,7.0816664,7.3153763,7.0835551,4.8039032,3,5.080625,startled,0.588213288113736,4.53
1398,1399,wayfle,0.631666621,7.5741173,5.2801553,6.6059128,6.8221356,6.9468402,7.5741173,6.6059128,1,6.75,principle,0.571487575793811,5.0
1399,1400,wazo,0.679839211,6.6391475,5.3939824,4.8653855,6.460816,6.5200171,6.6391475,4.8653855,2,5.09190476190476,whatnot,0.590620618915336,5.48
1400,1401,wearn,0.527586864,6.5766963,5.2308883,5.1426263,6.5714653,6.7803359,6.5766963,5.1426263,1,5.71833333333333,buy,0.50032621004822,6.82
1401,1402,webtless,0.453031392,5.7643766,4.9920828,4.2220769,6.2187182,6.2350739,5.7643766,4.2220769,2,3.315,practical,0.468652734379808,5.63
1402,1403,weecly,0.497969749,7.2590108,5.307266,5.3807045,7.0009383,7.1071625,7.2590108,5.3807045,1,5.43,different,0.550920020066759,5.91
1403,1404,weef,0.534533383,7.9864555,5.330404,5.1524499,8.0424475,8.1123863,7.9864555,5.1524499,1,5.08166666666667,adjoining,0.507344711370411,5.06
1404,1405,weenman,0.514142684,6.4516859,5.3462845,5.1333657,6.1178229,6.2846789,6.4516859,5.1333657,3,5.07166666666667,viola,0.512988163718552,6.2
1405,1406,weifnight,0.421841819,7.040671,5.1123207,6.3943505,5.9001017,6.0050567,5.9416374,5.0199686,3,5.045,way,0.47469356310635,5.91
1406,1407,welup,0.516360119,7.2134207,5.1731431,5.3132355,7.0814803,7.156151,7.2134207,5.3132355,2,4.885,close,0.545262220439095,5.23
1407,1408,werb,0.544597119,8.7478306,5.142251,4.9735254,9.0049895,8.9656527,8.7478306,4.9735254,1,5.89,arena,0.571173847399258,5.75
1408,1409,werble,0.625643193,7.6349724,5.2113791,5.2623181,7.6148355,7.7172586,7.6349724,5.2623181,2,5.0725,be,0.560339620910196,6.18
1409,1410,werfy,0.578662389,8.2333954,5.1917388,5.6485232,8.0500539,8.1922376,8.2333954,5.6485232,2,4.91076923076923,remaining,0.570554486092316,5.2
1410,1411,werier,0.492276023,7.3239417,5.2107766,5.1858673,7.5042291,7.5820134,7.3239417,5.1858673,2,5.30444444444444,remaining,0.548586075810313,5.2
1411,1412,werm,0.508963643,7.9924045,5.2118549,4.9279242,8.5122891,8.506776,7.9924045,4.9279242,1,5.096,remaining,0.5436497049067,5.2
1412,1413,whak,0.439818043,7.505701,5.1436545,4.7454321,7.5078652,7.5099815,7.505701,4.7454321,1,3.545,prior,0.518745498615272,4.32
1413,1414,wheam,0.584588654,6.5135272,5.2898712,4.9104065,6.6470057,6.7833132,6.5135272,4.9104065,1,4.95,fabric,0.539775554095959,6.05
1414,1415,whez,0.561440004,6.0191107,5.3730318,4.1411277,7.1392919,7.2944612,6.0191107,4.1411277,1,6.48,result,0.517993967747265,6.11
1415,1416,whickstap,0.495157945,5.7533303,4.9388717,5.1289432,5.4875765,5.4885138,5.7533303,5.1289432,4,4.25142857142857,grandma,0.562665677244131,7.5
1416,1417,whily,0.659317421,8.1959304,5.1570546,4.9590701,8.0311743,8.2203535,8.1959304,4.9590701,1,3.89,way,0.613778563913561,5.91
1417,1418,whisspeals,0.546541807,4.3883051,4.9012755,4.3809553,4.5633888,4.5833963,4.3883051,4.3809553,4,6.26333333333333,bruising,0.58619249999238,3.42
1418,1419,whisspouls,0.543937633,3.9892281,4.7517137,4.1387897,4.341069,4.3327164,3.9892281,4.1387897,4,5.8,spout,0.646305185442328,5.29
1419,1420,whombers,0.617853032,5.0942743,5.0518418,4.5826266,5.2261007,5.3394262,5.0942743,4.5826266,2,6.37,grandfather,0.637807793501894,5.68
1420,1421,whosouts,0.538771951,4.5411811,4.9092733,4.6181619,4.4123069,4.4451805,4.5411811,4.6181619,4,5.29583333333333,prior,0.584231526215865,4.32
1421,1422,whosting,0.44499417,4.4973769,4.9944367,4.5389097,4.538373,4.6109697,4.4973769,4.5389097,2,6.165,thing,0.575366772709887,5.55
1422,1423,whowzage,0.677679972,8.6598921,5.4153291,6.7649215,7.740508,7.8751997,8.2313225,4.8780921,3,4.5775,principle,0.529470998339958,5.0
1423,1424,wikh,0.523680965,7.9139226,5.0937864,5.0655687,8.0000683,7.9130688,7.9139226,5.0655687,1,6.495,requirement,0.632234202744686,5.1
1424,1425,wiky,0.69116137,7.9113855,5.101157,4.9424671,8.0252085,8.0157571,7.9113855,4.9424671,1,5.215,different,0.586371858582976,5.91
1425,1426,willup,0.61001297,7.7520934,5.0799505,5.1846828,7.5469631,7.7309987,7.7520934,5.1846828,2,4.798,suppose,0.553188311440212,5.27
1426,1427,wilths,0.550318241,3.9187846,5.0072715,4.1057993,4.0043093,4.058798,3.9187846,4.1057993,2,3.7225,trouble,0.524996923589324,2.87
1427,1428,wimelat,0.51212694,6.8725459,5.2485963,5.2967058,6.780323,6.9066254,6.8725459,5.2967058,3,5.10538461538462,natural,0.579731072848494,6.42
1428,1429,wirps,0.500076382,4.5143578,4.9967461,4.4860495,4.5866773,4.6409854,4.5143578,4.4860495,2,4.30888888888889,stuff,0.556725124464991,5.86
1429,1430,wisdening,0.611871114,5.1587612,4.8402343,4.1720625,5.4903283,5.4856398,5.1587612,4.1720625,3,4.51,combination,0.480032702363256,5.47
1430,1431,wizer,0.592395479,6.6988308,5.3123327,5.420154,6.3867447,6.5567061,6.6988308,5.420154,1,4.25,wise,0.53162652667472,7.42
1431,1432,wodgal,0.490309965,7.4291133,5.0277581,5.2966271,7.4069649,7.4786191,7.4291133,5.2966271,3,5.53018518518518,full,0.519535410509444,6.0
1432,1433,woller,0.563985181,5.7800046,5.2510445,5.0588377,5.700537,5.8536065,5.7800046,5.0588377,1,4.515,polyester,0.543982140930879,4.29
1433,1434,woost,0.653557382,7.0016736,5.133908,5.1141881,7.0459253,7.0188183,7.0016736,5.1141881,1,5.845,boost,0.451619916602307,6.53
1434,1435,wootworn,0.449491359,6.1051517,5.2371129,5.6689754,5.787973,5.9125012,6.1051517,5.6689754,2,5.94,kickboxing,0.501636876018026,5.33
1435,1436,worglers,0.448055523,6.2597347,5.0275499,4.7809928,6.326496,6.4095689,6.2597347,4.7809928,3,4.85,dog,0.558894311141869,7.0
1436,1437,woshbop,0.551277343,5.2728041,5.0791202,5.0447011,5.2608933,5.2697795,5.2728041,5.0447011,3,5.708,porno,0.558426344465399,5.53
1437,1438,wothing,0.376341689,6.633954,5.1157442,5.4881278,6.2860539,6.3843616,6.633954,5.4881278,2,5.506,relation,0.502114085323264,5.84
1438,1439,wreague,0.387467008,6.1994544,5.1829675,4.4757212,6.2686685,6.3639035,6.1994544,4.4757212,2,5.35,peninsula,0.528633383224609,5.95
1439,1440,wroltres,0.379747467,4.6538123,5.0395135,4.1026905,4.8244722,4.9352247,4.6538123,4.1026905,4,5.31852941176471,suffer,0.56278017189291,2.05
1440,1441,wubes,0.562748882,4.9592235,4.9906295,5.4796993,5.1750152,5.3228651,4.9592235,5.4796993,1,4.0,loose,0.59338811991161,4.52
1441,1442,xecoc,0.37128436,3.6477332,5.1738606,0.65232894,5.6575146,5.8944396,4.8657943,5.7969922,2,5.1325,selectman,0.67260356603763,4.84
1442,1443,xecos,0.489585647,3.5387987,5.0789573,0.36528623,5.5121666,5.7575633,4.7568598,5.5099495,2,4.552,occasion,0.665944115443357,6.45
1443,1444,xedan,0.519883282,4.0371839,4.9996176,0.52889783,5.9956142,6.1928433,5.2552449,5.6735611,1,5.05,peninsula,0.621817181508606,5.95
1444,1445,xeddish,0.438357147,3.7582725,4.6304932,0.35315556,5.8964157,5.8694578,4.9763336,5.4978189,3,4.51363636363636,opposite,0.595996740159691,4.77
1445,1446,xedi,0.624142939,3.9105571,4.9652015,0.45890452,6.2404329,6.3110927,5.1286182,5.6035678,2,5.60444444444444,hex,0.593402410763421,2.47
1446,1447,xedin,0.452836113,3.2869927,4.9497495,0.38094747,5.3255832,5.4615356,4.5050538,5.5256108,2,5.11,whit,0.583973622636909,5.48
1447,1448,xedo,0.457023483,4.1530276,5.0275628,0.90647805,6.0671822,6.0895783,5.3710886,6.0511413,1,4.68,vector,0.612052991655358,4.57
1448,1449,xefla,0.515843637,3.0266607,5.1961964,0.78634231,4.6656709,4.9787075,4.2447218,5.9310056,3,5.28053191489362,inferno,0.652797502038541,3.24
1449,1450,xegan,0.515903947,4.0562285,5.1513605,0.230646,6.1617561,6.435541,5.2742896,5.3753093,1,4.42,common,0.578010910558866,5.94
1450,1451,xegman,0.484535019,3.6838351,5.1504677,-0.18781304,5.722381,6.0054531,4.9018961,4.9568503,2,4.8,kindergarten,0.600358386374049,6.62
1451,1452,xegna,0.469566882,4.1841116,5.1513605,0.56612173,6.1485275,6.4102825,5.4021727,5.710785,2,5.03666666666667,viola,0.624191264438684,6.2
1452,1453,xeken,0.458551556,3.9118407,5.1640669,0.88374138,5.7561144,5.9964219,5.1299017,6.0284047,2,4.91666666666667,stricken,0.548240544511569,2.79
1453,1454,xeli,0.554695972,4.0675712,5.1604131,0.90018028,6.1508371,6.236632,5.2856322,6.0448436,1,5.42,ogre,0.602345667133089,3.57
1454,1455,xelman,0.489171031,3.7328169,5.1939363,0.62438307,5.8028092,6.0191423,4.950878,5.7690464,2,5.315,sphinx,0.640786873082377,6.05
1455,1456,xelo,0.551734563,3.8158046,5.2227744,0.73155659,5.9450622,6.0590798,5.0338656,5.8762199,2,5.27805555555556,papa,0.575695885478419,7.0
1456,1457,xembies,0.51913988,3.6067147,5.0446333,0.15372791,5.9183675,6.0672893,4.8247757,5.2983912,3,4.84222222222222,wolverine,0.636804686146494,5.39
1457,1458,xemi,0.58189334,3.3910873,5.1634148,0.46939852,5.8268471,5.9232659,4.6091484,5.6140618,1,5.57,configuration,0.594103047545516,4.58
1458,1459,xemin,0.4797968,2.8677723,5.1479628,0.39144146,4.9837451,5.1610531,4.0858334,5.5361048,2,4.77307692307692,consequence,0.674438726454184,3.86
1459,1460,xemix,0.555040488,3.5120197,5.0825139,0.23888724,5.5636706,5.7714504,4.7300808,5.3835505,2,5.46,touchdown,0.574348081264271,7.11
1460,1461,xemmians,0.495960802,3.9198691,5.0593551,0.088429725,6.0915333,6.2235094,5.1379302,5.233093,4,4.60684210526316,girl,0.561829657234494,7.15
1461,1462,xengtho,0.421956701,3.4174708,5.1141593,1.4530745,5.2885904,5.3238417,4.6355318,6.5977378,2,4.805,bullpen,0.601254868388106,5.15
1462,1463,xeotan,0.441135015,4.5534512,5.2094099,0.94986405,6.3329534,6.4521477,5.7715122,6.0945273,3,5.19590909090909,bullpen,0.546946648002308,5.15
1463,1464,xepo,0.483664844,3.1597517,5.221273,0.38008802,5.5420857,5.5551656,4.3778127,5.5247513,1,6.26,kernel,0.526806488005071,5.23
1464,1465,xepra,0.479107331,3.3244043,5.1500614,0.359156,5.486698,5.6803366,4.5424653,5.5038193,2,5.9575,previous,0.633582298377961,4.74
1465,1466,xepu,0.55904155,3.4327146,5.0861547,0.45171773,5.7872778,5.9339919,4.6507757,5.596381,2,5.804,tv,0.657667282009574,6.05
1466,1467,xequa,0.522821267,2.8410935,5.2097806,0.63022439,4.9178061,5.0674934,4.0591546,5.7748877,2,6.485,annoyed,0.615222351745133,2.8
1467,1468,xeras,0.558101742,2.6458517,5.0341499,0.4413527,4.6651529,4.8066177,3.8639127,5.586016,2,5.01,zucchini,0.610744140711303,6.3
1468,1469,xesca,0.563036075,3.8509236,5.0664641,0.49606076,5.9361577,6.0553908,5.0689846,5.6407241,3,5.22769230769231,lie,0.522828362434645,2.39
1469,1470,xesex,0.486751813,3.5826386,5.0513973,0.12893973,5.6059519,5.7613413,4.8006996,5.273603,2,5.69,phi,0.609871460134276,4.33
1470,1471,xesma,0.3986928,3.6915145,5.0919755,0.56434011,5.6556796,5.798485,4.9095755,5.7090034,3,5.3,papa,0.58952299466151,7.0
1471,1472,xesok,0.448968895,3.8443113,5.0312746,0.49396795,5.9314139,6.0184906,5.0623723,5.6386312,2,5.56,bam,0.608097600890252,5.05
1472,1473,xesos,0.433770053,3.8786122,4.984054,0.20028542,5.9433066,6.0761411,5.0966733,5.3449487,2,3.535,whit,0.602615882722315,5.48
1473,1474,xetob,0.435575893,3.1011905,5.1207726,-0.00594593,5.1945729,5.370508,4.3192515,5.1387174,2,4.71,bam,0.612721983791629,5.05
1474,1475,xetof,0.51790247,3.9456608,5.1771845,0.56980025,6.159088,6.352017,5.1637218,5.7144635,2,4.71,thing,0.604129893906739,5.55
1475,1476,xetog,0.409380048,3.6760386,5.1439061,0.65382714,5.5667183,5.7385476,4.8940996,5.7984904,2,4.71,slut,0.585590464692295,2.55
1476,1477,xetos,0.51461464,3.242899,5.0699618,0.22262509,5.40231,5.537874,4.46096,5.3672884,2,4.725,leftovers,0.58367467137042,5.29
1477,1478,xetow,0.4619138,3.5222215,5.2012513,0.83474542,5.4511433,5.6321925,4.7402826,5.9794087,2,5.546,stow,0.513536602249583,5.0
1478,1479,xetten,0.472024685,3.7803937,5.1673544,0.52778337,5.8450266,6.0368541,4.9984548,5.6724467,2,5.036,suffer,0.584559699771268,2.05
1479,1480,xetty,0.57180589,3.2736566,5.1028597,0.52864274,5.3983032,5.594857,4.4917176,5.673306,1,4.4,pretty,0.551035947135277,7.7
1480,1481,xexen,0.477664216,2.435357,5.1572528,0.15300645,4.813915,5.0794219,3.6534181,5.2976697,2,5.02166666666667,succubus,0.611869216277726,3.67
1481,1482,xmat,0.533876657,8.3027337,5.1048606,1.8087416,9.3598025,9.2031447,8.6160648,5.8050407,1,5.0,setup,0.546909067080244,4.35
1482,1483,yabe,0.597044116,6.9608949,5.2176559,5.6154839,7.100836,7.1384777,6.9608949,5.6154839,1,6.86,monkey,0.527279611663704,5.82
1483,1484,yary,0.680556242,8.1861829,5.1494875,5.5035742,8.5451619,8.5051102,8.1861829,5.5035742,1,4.8925,configuration,0.559192932428178,4.58
1484,1485,yishing,0.680349084,4.9717178,4.9505689,4.8953906,5.4043324,5.4190392,4.9717178,4.8953906,1,7.05,awesome,0.531005163719193,7.86
1485,1486,yofi,0.64123279,5.9816243,5.1972629,6.1849141,5.988221,6.0575956,5.9816243,6.1849141,2,5.77142857142857,aorta,0.594815930306142,4.35
1486,1487,youncing,0.588328528,5.5466979,5.0176439,5.3891729,5.5926019,5.6363539,5.5466979,5.3891729,2,4.76,various,0.507793843568745,5.52
1487,1488,yual,0.566436024,8.4979841,5.122203,5.9124606,8.0639994,7.9672959,8.4979841,5.9124606,1,5.14,natural,0.562901540912173,6.42
1488,1489,yunal,0.565963501,7.6379768,5.106751,5.3757206,7.2716411,7.2837881,7.6379768,5.3757206,2,5.099,particular,0.526462891274245,5.05
1489,1490,yupen,0.556489216,8.2219166,5.1446795,5.8050094,7.3343779,7.4464088,8.2219166,5.8050094,2,5.84428571428571,viola,0.583542642725206,6.2
1490,1491,yuppea,0.561031603,7.2616956,5.1883283,5.9046278,6.7201871,6.8159478,7.2616956,5.9046278,2,5.655,become,0.571426128496572,6.32
1491,1492,yury,0.587923064,7.8568801,5.0268625,5.5901506,7.6694676,7.4165705,7.8568801,5.5901506,1,2.97,particular,0.499966962647699,5.05
1492,1493,yusi,0.65560862,8.3599628,4.954922,5.7076254,8.3421167,8.0592489,8.3599628,5.7076254,2,4.88551724137931,eight,0.5315269979139,5.37
1493,1494,yuxwas,0.374044958,8.6855101,4.9338712,7.2388172,6.7927092,7.0067803,7.4365596,5.8642046,3,5.09,be,0.648202541331177,6.18
1494,1495,yuywas,0.533066323,8.5829769,5.007848,6.9314693,6.6380381,6.8838403,8.5829769,6.9314693,3,5.09,be,0.659736816481842,6.18
1495,1496,zauze,0.501797655,7.4125611,5.4377652,5.5208619,6.8939499,7.0939867,7.4125611,5.5208619,1,4.5,lasagna,0.550750922017256,7.1
1496,1497,zerow,0.461896914,6.5055818,5.374694,6.0536066,6.4256396,6.5488612,6.5055818,6.0536066,2,5.695,varying,0.52069394490661,5.35
1497,1498,zilk,0.548832407,7.8756889,5.210065,5.6191457,8.3111012,8.2171888,7.8756889,5.6191457,1,6.645,particular,0.620900073032535,5.05
1498,1499,zohels,0.47181183,4.1636722,5.2839335,3.894065,5.2159656,5.3803089,4.1636722,3.894065,2,3.25,sorcerer,0.613948778707333,5.76
1499,1500,zokils,0.513796863,4.0892349,5.1348433,4.4182088,4.5672341,4.6919524,4.0892349,4.4182088,3,4.91047619047619,parkinsons,0.617661160706565,2.09
